1.mp3,https://drive.google.com/file/d/1bsxaf6ZHg4X-eVe9ePnz1TMXfgdZPRVF/view?usp=drivesdk
2.mp3,https://drive.google.com/file/d/1oYrEGwNHN4TdEKRM7UWw0lY_B5JKAuKI/view?usp=drivesdk
3.mp3,https://drive.google.com/file/d/16bKY9IqpFIgAjTMUo1k2RCWnr7cblffg/view?usp=drivesdk
4.mp3,https://drive.google.com/file/d/1PWJ0fuh---xnRX0xAtW4khHSywJWXGVp/view?usp=drivesdk
5.mp3,https://drive.google.com/file/d/1e0tjuyUURT9MJN433laHrGd7jy0P_aoy/view?usp=drivesdk
6.mp3,https://drive.google.com/file/d/1FHoGn-dcG5nrlQcxTK89xddAJ7wpjrYe/view?usp=drivesdk
7.mp3,https://drive.google.com/file/d/1qr7fOxpKQuPHQpwIOdg2A-9vKe1KcCem/view?usp=drivesdk
8.mp3,https://drive.google.com/file/d/1N19Dkbk0ip_R_WNZVTkBsohJw4OKo6QX/view?usp=drivesdk
9.mp3,https://drive.google.com/file/d/1J4txPib3BlBQab-jDTnzKeh9rVhlOBsB/view?usp=drivesdk
10.mp3,https://drive.google.com/file/d/1UFot8-UERlA_WlIFnGV2UFVFYoMCsLUx/view?usp=drivesdk
11.mp3,https://drive.google.com/file/d/1ejU7JunPglnb28B-P2_QDCVLDWq2FqT3/view?usp=drivesdk
12.mp3,https://drive.google.com/file/d/194hF4s1bgHNe5Op8hHekLTdn-Zj8eyD6/view?usp=drivesdk
13.mp3,https://drive.google.com/file/d/1Sh9jKTTT1JlzXHSfGZE0FSPkAqSxTm2g/view?usp=drivesdk
14.mp3,https://drive.google.com/file/d/1wL9yz5mPOfbtoBz2OXE80aaeFo4437RY/view?usp=drivesdk
15.mp3,https://drive.google.com/file/d/1TU3b4xrwZt8BKEu2rtgUGo42YQRu9w44/view?usp=drivesdk
16.mp3,https://drive.google.com/file/d/1ciysZATIVQWF6KebGnKO3Vo0Myz227xv/view?usp=drivesdk
17.mp3,https://drive.google.com/file/d/1ARYn8_H-X0WnwYyU5ychk6SWKR0dnjZK/view?usp=drivesdk
18.mp3,https://drive.google.com/file/d/1H4_5T0uBxv770YblNCoG425GLYoP8MDg/view?usp=drivesdk
19.mp3,https://drive.google.com/file/d/1HZ57o4QCxCGp5NDjFCLUMh3L2Dpfu05R/view?usp=drivesdk
20.mp3,https://drive.google.com/file/d/1WWYOEtJKsTM0eYehcFyjkTeleoP-8n91/view?usp=drivesdk
21.mp3,https://drive.google.com/file/d/1nUdgUwOIqc8ByMvhld4ada5GQ3lMw4_a/view?usp=drivesdk
22.mp3,https://drive.google.com/file/d/125095flmAyZm9YSfrLsLiRcjwpQIqhZ6/view?usp=drivesdk
23.mp3,https://drive.google.com/file/d/1MclOJ8wxTB5_ehzJcPEqKuvGV-pn_GI0/view?usp=drivesdk
24.mp3,https://drive.google.com/file/d/1sOtdQy2sh9Sr7ZxcuWK3LiHNzKCsx2te/view?usp=drivesdk
25.mp3,https://drive.google.com/file/d/1oA3SWs-QaANRC7x4R8Fw3FanpDJJomEq/view?usp=drivesdk
26.mp3,https://drive.google.com/file/d/1TSVheTpxrnxDNFEKqxQ84Mz7Q7jLuh7U/view?usp=drivesdk
27.mp3,https://drive.google.com/file/d/1NUELvnqrc2kystFAcNP1GxOkdh5g2RL0/view?usp=drivesdk
28.mp3,https://drive.google.com/file/d/1XVKvldsRCyASJsKF-znQtD3jB5Qxn-3t/view?usp=drivesdk
29.mp3,https://drive.google.com/file/d/13m-Bum1ARF5DtCzjrYoZQ6iCQoSZN1Du/view?usp=drivesdk
30.mp3,https://drive.google.com/file/d/1kFNSbvY4segzADSAHnjdHsY69S5aHk8n/view?usp=drivesdk
31.mp3,https://drive.google.com/file/d/1Ke2Cq5MjuVwcmhlUiowJSDIr2W0EvdWX/view?usp=drivesdk
32.mp3,https://drive.google.com/file/d/1Gs0gMAtSPnuP-Pk2zrQnKnzKiUBtjG5Z/view?usp=drivesdk
33.mp3,https://drive.google.com/file/d/1np_zXdNuWJ4Qg53DZl2Xohti9bLKwlRs/view?usp=drivesdk
34.mp3,https://drive.google.com/file/d/12AVN4eTsqsTg0SeBCi0LZMuhQkjPYMj_/view?usp=drivesdk
35.mp3,https://drive.google.com/file/d/15gBktO8zUoAKLGL4i143Akf6MsPGHvAZ/view?usp=drivesdk
36.mp3,https://drive.google.com/file/d/1UkMw7v5zleuMJMe8kboTYhuxEkwBPWCg/view?usp=drivesdk
37.mp3,https://drive.google.com/file/d/1whL34NM9Us7HIF7CpEaNFqepkATbUqpi/view?usp=drivesdk
38.mp3,https://drive.google.com/file/d/1_Oax972z5l2bxx7vVEOxcjzje54N6pgJ/view?usp=drivesdk
39.mp3,https://drive.google.com/file/d/1kUE1kolmQGxxqWu9qC0eyGIq3WtcKrtf/view?usp=drivesdk
40.mp3,https://drive.google.com/file/d/1ucJZwnIFwFxZHsGuBtRf0CddGyiOlAHm/view?usp=drivesdk
41.mp3,https://drive.google.com/file/d/132aJHG4Y8kP-G-N_wtJFlpfSxgmXZ1f2/view?usp=drivesdk
42.mp3,https://drive.google.com/file/d/1TNomoxmYfLdbqAKmmTmgbWd_QeQZKM5W/view?usp=drivesdk
43.mp3,https://drive.google.com/file/d/1LDcquaJkqlJIe96l545WNdVeNkZTphDN/view?usp=drivesdk
44.mp3,https://drive.google.com/file/d/1fm4bESQPuthfEt9pGljkszkO8vFp5EFR/view?usp=drivesdk
45.mp3,https://drive.google.com/file/d/1LedhPfcw4UroT8mhKTCr5d6l4_KxdNK1/view?usp=drivesdk
46.mp3,https://drive.google.com/file/d/1Lab0cUJ19eT8CZAkL-88ZsomYCr1XUrG/view?usp=drivesdk
47.mp3,https://drive.google.com/file/d/12a_e_6Jr8UwgoLrAPi1vglydpRLWaM5n/view?usp=drivesdk
48.mp3,https://drive.google.com/file/d/1XOg7SXAr_Vu2Li6W-cveTBWCVAOn4VMk/view?usp=drivesdk
49.mp3,https://drive.google.com/file/d/1-txA1EKP1uLWimpvX_fqwO-1HeFthepx/view?usp=drivesdk
50.mp3,https://drive.google.com/file/d/1psP0ngzr6CePnFixfkDhVJA3uAJZsuRB/view?usp=drivesdk
51.mp3,https://drive.google.com/file/d/138A8MiuPNE_Hb-Tgc875odhAo52KiL3U/view?usp=drivesdk
52.mp3,https://drive.google.com/file/d/1--SR-oOYWaRXVEO2ZulAeLwaqTSe14OP/view?usp=drivesdk
53.mp3,https://drive.google.com/file/d/1d3grXOBEkP703vchN_kOWPYHygkwJdU6/view?usp=drivesdk
54.mp3,https://drive.google.com/file/d/1xrX5JnELNd-uujjc0G67MknJ0GsUg7oS/view?usp=drivesdk
55.mp3,https://drive.google.com/file/d/1gSLwevSqHTu0oQMijt-DfX1U4oGmeCOO/view?usp=drivesdk
56.mp3,https://drive.google.com/file/d/1ACCpoONQlQtUhzbWwESn36ZNKCEvJ5Xt/view?usp=drivesdk
57.mp3,https://drive.google.com/file/d/13q9ug3AfkeE8-3qvsowQ2xByBSNwyRPg/view?usp=drivesdk
58.mp3,https://drive.google.com/file/d/1AMWxIPDLnUXYLiAt4R7Yv6n5Lo50sN1X/view?usp=drivesdk
59.mp3,https://drive.google.com/file/d/14CbAblsYCu0xovsff7DrQnIRC-C4lOR3/view?usp=drivesdk
60.mp3,https://drive.google.com/file/d/1sGKyCE-Kfx6nkKDpVPGFUGt6wgl4d1ge/view?usp=drivesdk
61.mp3,https://drive.google.com/file/d/12pNoGo_czHP_GxMDS0_hYx3YAsW9-Dja/view?usp=drivesdk
62.mp3,https://drive.google.com/file/d/1nHGjDmJOuo8mBETgATj6gcVuEZ9dPkCo/view?usp=drivesdk
63.mp3,https://drive.google.com/file/d/1-LCzxKwZa2nDqx96rPPv7Tb8MX9PefHL/view?usp=drivesdk
64.mp3,https://drive.google.com/file/d/1j9iiPp5aSmTAr0uhqUmINXwh0cfAuTYm/view?usp=drivesdk
65.mp3,https://drive.google.com/file/d/1Um6N5bh23hmq6YZQLM2cEp1X4ni9TV07/view?usp=drivesdk
66.mp3,https://drive.google.com/file/d/1deH69Z9-c9jJ5E8bWDmGSPcgV2Y5CaV6/view?usp=drivesdk
67.mp3,https://drive.google.com/file/d/1Whzg-tbrmINL8UPjiKmw2SltpN6OGC0M/view?usp=drivesdk
68.mp3,https://drive.google.com/file/d/1MwuA-n8xok13g8xU1aDZQ6yTBXClBMUV/view?usp=drivesdk
69.mp3,https://drive.google.com/file/d/1_wD-rgD4DBVb6NuZg_XZ7YZIwwBnIS5n/view?usp=drivesdk
70.mp3,https://drive.google.com/file/d/16Ali5Jhn_1jtzk7l-7LsDupegsGb_-Vm/view?usp=drivesdk
71.mp3,https://drive.google.com/file/d/1pNCzjDVcbDqLEAvDqFv4P9-Y0eZndzsn/view?usp=drivesdk
72.mp3,https://drive.google.com/file/d/1Knd3XyHFNgtBhbmf0OZuVCZo6YU4aKJq/view?usp=drivesdk
73.mp3,https://drive.google.com/file/d/13CwaQFyJp6HJwUB7MwCKKbgvMwu2yopm/view?usp=drivesdk
74.mp3,https://drive.google.com/file/d/1ISpvXP7UNhghnr_XJBRAMLNfNINYQg8G/view?usp=drivesdk
75.mp3,https://drive.google.com/file/d/1Dkhbo1qEC4ROxirx8htCKNk1EzW_sHsD/view?usp=drivesdk
76.mp3,https://drive.google.com/file/d/1FNpg9jdjHK-kJ8HdYWxlBhtl_P7O0Szv/view?usp=drivesdk
77.mp3,https://drive.google.com/file/d/1Sj1Y6lEMOija2VMD2k9UVtp0_ZLaI0T5/view?usp=drivesdk
78.mp3,https://drive.google.com/file/d/1hCNWQFG4754jRJ6HwWklqAcusO8bIORM/view?usp=drivesdk
79.mp3,https://drive.google.com/file/d/1TsMqP2lrZ9gOFhR3AYzvYZPdmRBckJMi/view?usp=drivesdk
80.mp3,https://drive.google.com/file/d/1LAIS4Gwspf882dmeoYyYwwiwJBcA4ius/view?usp=drivesdk
81.mp3,https://drive.google.com/file/d/14R6ju3wTKHFk5R8EeaTXhq0Tno1Kp54k/view?usp=drivesdk
82.mp3,https://drive.google.com/file/d/11RbTumER6fSTsAp-sf49TXsMaT4Lv98B/view?usp=drivesdk
83.mp3,https://drive.google.com/file/d/1kNNBXNtnUgMHRK-2qqpEAhZD02LEAX4s/view?usp=drivesdk
84.mp3,https://drive.google.com/file/d/1gYIALwdgnn_N7EJgdVxQdDz7CbHXv1nx/view?usp=drivesdk
85.mp3,https://drive.google.com/file/d/1if1DRfqv4CVNotX21iPtHme4hSlCTgc9/view?usp=drivesdk
86.mp3,https://drive.google.com/file/d/1wPGM5mtNX8zuiIiXY8ovhxlca5v68cu2/view?usp=drivesdk
87.mp3,https://drive.google.com/file/d/1AtpdKq5ceL5yKpBPiz5RreXj0YowJiWY/view?usp=drivesdk
88.mp3,https://drive.google.com/file/d/1IS4W61nVSubF_QXBB0v8rpIK-pHmPTYR/view?usp=drivesdk
89.mp3,https://drive.google.com/file/d/1DaJtlESnPA-MxL-P5bKj_-SbvXlb09QB/view?usp=drivesdk
90.mp3,https://drive.google.com/file/d/1RS3dDydeGBmzNpnoyO44xjIQVvYuB0Hv/view?usp=drivesdk
91.mp3,https://drive.google.com/file/d/12b8YWln7WVpawk2dfg06Th5nxA3alLlH/view?usp=drivesdk
92.mp3,https://drive.google.com/file/d/1WqOUwu1FTeBDrIO8yjtLwz-9X3a5yTtp/view?usp=drivesdk
93.mp3,https://drive.google.com/file/d/1Otcd1OI5TT5zvFI9-c9gde1G73M5d2Ss/view?usp=drivesdk
94.mp3,https://drive.google.com/file/d/1m1U8BLOYULMpZ-wX4YjIC2XZnYHbDgqz/view?usp=drivesdk
95.mp3,https://drive.google.com/file/d/1v1qTkqessn-8HGdDx-AiYPfwRgTRaWol/view?usp=drivesdk
96.mp3,https://drive.google.com/file/d/1PyA-dUqf7H3nRO-0KwYR1DEQZxQ0iKJC/view?usp=drivesdk
97.mp3,https://drive.google.com/file/d/1d5eivMCLSw_qmntsFPXRD9qU0TRcH3a_/view?usp=drivesdk
98.mp3,https://drive.google.com/file/d/19fxjFs6_u_JqxqpTiu1ehR1Zbg32dUdh/view?usp=drivesdk
99.mp3,https://drive.google.com/file/d/1HUMvzlcMEIovB61QEoAMseYVav6w-8q9/view?usp=drivesdk
100.mp3,https://drive.google.com/file/d/1WGxD_aShdVEnQwchaBQt7Vu_dCBhgIY0/view?usp=drivesdk
101.mp3,https://drive.google.com/file/d/1lFZCduR8UmEQi42gKJj3plsB4whPQjAQ/view?usp=drivesdk
102.mp3,https://drive.google.com/file/d/129E_5CEZenaV_H1Hz-_kqxJhEULnx8fJ/view?usp=drivesdk
103.mp3,https://drive.google.com/file/d/1-RPNNc_CO6cz63DdLx3FtD_c9h6BaaHn/view?usp=drivesdk
104.mp3,https://drive.google.com/file/d/13r6tc_RmnvvqA2CZBzNGTITXfJkdhXon/view?usp=drivesdk
105.mp3,https://drive.google.com/file/d/1tv7HcthVbOhyTrfn_ZDL12t6kOrad_DP/view?usp=drivesdk
106.mp3,https://drive.google.com/file/d/1zR-saERLcMxLiMMPUsTtK47xqHdCorzc/view?usp=drivesdk
107.mp3,https://drive.google.com/file/d/1scSEn58pBJlqjhZJ3-oWPdlo9ZF2CeIK/view?usp=drivesdk
108.mp3,https://drive.google.com/file/d/1gAOwJUVPD8zEAGbiYGR-ipCO-zH61d5z/view?usp=drivesdk
109.mp3,https://drive.google.com/file/d/14cNTx0ndekpC2cIX9fZ-nVrPVeG2Ygqm/view?usp=drivesdk
110.mp3,https://drive.google.com/file/d/1gEN8tX4dh_4JhFjMQcDDmeRGfpuXPCRo/view?usp=drivesdk
111.mp3,https://drive.google.com/file/d/1mf7h7kHYQ-gPf2dy-t4NNZJt0-bYb-Oa/view?usp=drivesdk
112.mp3,https://drive.google.com/file/d/1ju2SfEbb0I656w_-Z71hwoiUXsOaM91e/view?usp=drivesdk
113.mp3,https://drive.google.com/file/d/1mpeyQMm39x9ql-rjbfy7Owfs8kFVqi3k/view?usp=drivesdk
114.mp3,https://drive.google.com/file/d/1FZy_qwZn_r1eyqg_dGi5n0qtoaDvVWut/view?usp=drivesdk
115.mp3,https://drive.google.com/file/d/1tCivceei7JpIDcQTviyC5crYvJU-VNHy/view?usp=drivesdk
116.mp3,https://drive.google.com/file/d/1JA2St-nrXISzceg2x6w-DS5djBi25wrB/view?usp=drivesdk
117.mp3,https://drive.google.com/file/d/1u0etaTDP2h5qTWFmOTjzsd0pW0zQhZcA/view?usp=drivesdk
118.mp3,https://drive.google.com/file/d/1oujzem1iwioBItp20EhZH8kKoC_lj1DH/view?usp=drivesdk
119.mp3,https://drive.google.com/file/d/176CrYv0VGM-LMXc40UFir99QRGMlidpA/view?usp=drivesdk
120.mp3,https://drive.google.com/file/d/1y13pMhR7TseQcRdOQZZ5K1A7Jk-vXE4x/view?usp=drivesdk
121.mp3,https://drive.google.com/file/d/1x1ATHU9x1t8hjyhRJqrWtrbccxjfRcOk/view?usp=drivesdk
122.mp3,https://drive.google.com/file/d/15ezGSGEhlBz5ACZxGpuCfEN9ZYYq4DUn/view?usp=drivesdk
123.mp3,https://drive.google.com/file/d/1jrmzDg5mqSABo84tf4G0efXezSFQNYPr/view?usp=drivesdk
124.mp3,https://drive.google.com/file/d/1keKtzHBmxtvqZheZiWHPJUmgw0OVQ_T0/view?usp=drivesdk
125.mp3,https://drive.google.com/file/d/1Y0eGoq-E1P2FULIxc1emgOdTwIbF56rs/view?usp=drivesdk
126.mp3,https://drive.google.com/file/d/10BJ7fBbPmfg2EXHlQQGjBQj8kqb60Yrr/view?usp=drivesdk
127.mp3,https://drive.google.com/file/d/1svjkI0k1cSiPqnToSwC3AhSYhqZk3OVj/view?usp=drivesdk
128.mp3,https://drive.google.com/file/d/1CDsig35wasVzp3Eixnc-I2OYaF29yL6x/view?usp=drivesdk
129.mp3,https://drive.google.com/file/d/1BUPRtVDur9tDLhNlHg3W8qLrRmU5tRiz/view?usp=drivesdk
130.mp3,https://drive.google.com/file/d/1gFWgO8MLm-mG0xZIMY7IgO6gJI2UF5_b/view?usp=drivesdk
131.mp3,https://drive.google.com/file/d/1JFYctxO1tHXnuWE8lxFru83BtIoNUA2K/view?usp=drivesdk
132.mp3,https://drive.google.com/file/d/1ZGjwJiuUJ95KhmTJxpfvBMrWHDdnRvan/view?usp=drivesdk
133.mp3,https://drive.google.com/file/d/1fFtR6KiohUTrNELmJIsL11GjC_lVqRkb/view?usp=drivesdk
134.mp3,https://drive.google.com/file/d/1gei5D8IT4CGU6E2OR-SOTmiS9wgqq8yI/view?usp=drivesdk
135.mp3,https://drive.google.com/file/d/1HhnoGfJTcFrFbVPsu8NtVXACwQ4t6F-e/view?usp=drivesdk
136.mp3,https://drive.google.com/file/d/1jF8NtXtQjQngMKe-ptJBGdXVdPk3RPho/view?usp=drivesdk
137.mp3,https://drive.google.com/file/d/1V9vYKicZxggbflpboEqCboDpxzRl41yP/view?usp=drivesdk
138.mp3,https://drive.google.com/file/d/1d1eLgkS6gNoMP7rOqwY5WxCcknL40USP/view?usp=drivesdk
139.mp3,https://drive.google.com/file/d/1mB23D3jDAqjG3xrl3JDUjOg1Zys12EjH/view?usp=drivesdk
140.mp3,https://drive.google.com/file/d/1g0bFqYLQPa4qv141VgCjgbhVFmDEiBdF/view?usp=drivesdk
141.mp3,https://drive.google.com/file/d/1wwN95ostW9Ka7NC4ELGsn6Xtgk-Pm4OZ/view?usp=drivesdk
142.mp3,https://drive.google.com/file/d/1F6a5V2RpFf9joECulgU7UKWmHW7mxMo4/view?usp=drivesdk
143.mp3,https://drive.google.com/file/d/1vb-ix6NzKP_OHMGmHitIOqSZ9jrTijzT/view?usp=drivesdk
144.mp3,https://drive.google.com/file/d/105spz8lFuuDHSAX-DW7ug-iEDGtF-YEJ/view?usp=drivesdk
145.mp3,https://drive.google.com/file/d/17dDIkHoXLI_2XV2_ZylCd8apizCmwrxc/view?usp=drivesdk
146.mp3,https://drive.google.com/file/d/1q2P0utdUEm_spsTg5vmT3YOyfQQuiQll/view?usp=drivesdk
147.mp3,https://drive.google.com/file/d/1ACPjzfjLTbQkQySJ-WFhhxfWZAGQT9MS/view?usp=drivesdk
148.mp3,https://drive.google.com/file/d/1gAvZHgTF_hY4QqpnwxHggIUtRKgCm6Ez/view?usp=drivesdk
149.mp3,https://drive.google.com/file/d/1wE3GCP3HV5doGxTneG8Q17pqNXBfSqxv/view?usp=drivesdk
150.mp3,https://drive.google.com/file/d/1wgqi38pUVe_GVbVxaAlUGtZV3lYUFj_4/view?usp=drivesdk
151.mp3,https://drive.google.com/file/d/1_iLjB2rWUsllyeuEg-pX03QrYq_FYVtH/view?usp=drivesdk
152.mp3,https://drive.google.com/file/d/1hyVGTNBctJ8_SXaPhbEDdGmtwrHbhjUK/view?usp=drivesdk
153.mp3,https://drive.google.com/file/d/1n5khZ4wzojNm45M5_jySkV9qsx7HxIRh/view?usp=drivesdk
154.mp3,https://drive.google.com/file/d/1gEh5d-G8GJuShxmg7YWBW2lQ-DIvDKJS/view?usp=drivesdk
155.mp3,https://drive.google.com/file/d/1kRGVQ9tWH6WyOsWtiuxzL6xXPIVobUSa/view?usp=drivesdk
156.mp3,https://drive.google.com/file/d/1G9Gpr0RexgGY8qbuT49XkdhTBzSzXYxn/view?usp=drivesdk
157.mp3,https://drive.google.com/file/d/1CJHqkPw7bweyyogRSLZOvzxcAsrHFyAJ/view?usp=drivesdk
158.mp3,https://drive.google.com/file/d/1sQnvv4v3bkzDF3D8meOSANHG-Uq2qagH/view?usp=drivesdk
159.mp3,https://drive.google.com/file/d/1fAYogtwF8_xojmZ36OFBjkPqArlAqTn2/view?usp=drivesdk
160.mp3,https://drive.google.com/file/d/1l1ChvesLtbS-_ppgz2LxTz4US9j325nn/view?usp=drivesdk
161.mp3,https://drive.google.com/file/d/1cLfr4hMACwZ5EJGRmBdZCGMFK9mPprnL/view?usp=drivesdk
162.mp3,https://drive.google.com/file/d/1rAZTv25BCIpzYtG_2XqiaObQqF6YsGQO/view?usp=drivesdk
163.mp3,https://drive.google.com/file/d/1B7mMAh7SIf7C-ljdkNSxvorHV5GiLmn0/view?usp=drivesdk
164.mp3,https://drive.google.com/file/d/18THhiscF_IfT3aNcNiZk7JbFASc0EnFH/view?usp=drivesdk
165.mp3,https://drive.google.com/file/d/1-1qs6j-pXb4yBepSekZIyW-LcoxAu0I1/view?usp=drivesdk
166.mp3,https://drive.google.com/file/d/1Dc6bP-kW6dMSdDcNWrB_tA8Mw7n2LYuA/view?usp=drivesdk
167.mp3,https://drive.google.com/file/d/1CmNjgXhySL6PuvcIcI1rAQcS_wkTBzho/view?usp=drivesdk
168.mp3,https://drive.google.com/file/d/1-CTRZmv1832f-VZDxTf2cQECTHIZAcpU/view?usp=drivesdk
169.mp3,https://drive.google.com/file/d/1btnE_7DlGS1YHWtLrvzGt1aXf9qT59hO/view?usp=drivesdk
170.mp3,https://drive.google.com/file/d/1tabc_C4DTw8cnguD05D-CkUvgnSjc3L2/view?usp=drivesdk
171.mp3,https://drive.google.com/file/d/1v0prIRZ1hYgXauv-t8AOHHqK9A3FZNaj/view?usp=drivesdk
172.mp3,https://drive.google.com/file/d/1yiCAOjeNcyi94ApxAd4wkHbMPv8DrUrO/view?usp=drivesdk
173.mp3,https://drive.google.com/file/d/1L-VCaTBcUU0d_tTbffZNwt3kicEAAX3g/view?usp=drivesdk
174.mp3,https://drive.google.com/file/d/1p6PlzrsNbMEAXqO8J35CpoUxXNyjgUMZ/view?usp=drivesdk
175.mp3,https://drive.google.com/file/d/15ZVV9lSa4jJ5LB5Qr2Ln5FNT6iFd9knN/view?usp=drivesdk
176.mp3,https://drive.google.com/file/d/1rDfckXiRd8Du0uiwm94-ZVkSoXY1iuMH/view?usp=drivesdk
177.mp3,https://drive.google.com/file/d/1u6e7E6yZE2ZjMF0I-_i1vtp1wzFrTRJq/view?usp=drivesdk
178.mp3,https://drive.google.com/file/d/1i0uTWuhOBsP9pU0ZrPNcNwHtKdRj7XkB/view?usp=drivesdk
179.mp3,https://drive.google.com/file/d/1hsnBc2hULiHLgqA2LMHyXTuiFQ0ErCD_/view?usp=drivesdk
180.mp3,https://drive.google.com/file/d/1Pbx7aQS6Bse2a0Wr7gPXpEVvSZ31BTPf/view?usp=drivesdk
181.mp3,https://drive.google.com/file/d/16B6j6N7_katjiJtNt6FjEE1tvY4PtxHc/view?usp=drivesdk
182.mp3,https://drive.google.com/file/d/1-i0wk__4p_X1fUM6kk6uO18A_7FfF92L/view?usp=drivesdk
183.mp3,https://drive.google.com/file/d/1uT8axquRM_71DlIyiUX2cNUu3ItiAd5a/view?usp=drivesdk
184.mp3,https://drive.google.com/file/d/1HB6ljVbcjNxJyKoIf-j5gKQKDf7bi6zG/view?usp=drivesdk
185.mp3,https://drive.google.com/file/d/1WdBB2sNlQA8JQ0X-r6Rt1Ps6wVUP7ZgX/view?usp=drivesdk
186.mp3,https://drive.google.com/file/d/14045cdOWaqm7I5csntgekbkbjjkLgdVU/view?usp=drivesdk
187.mp3,https://drive.google.com/file/d/1ooJCSqCMptbzU-tFrz6F7UN_4LNmWQj7/view?usp=drivesdk
188.mp3,https://drive.google.com/file/d/1pojb1UBFh-tfrMs7-2Bm5JzpcAz8wXTG/view?usp=drivesdk
189.mp3,https://drive.google.com/file/d/1N2CzIP5SAPG4-ynq678WsyDdwG99ce1R/view?usp=drivesdk
190.mp3,https://drive.google.com/file/d/1HCg2zVNGBifWgzqRwjblry7FTHoizilS/view?usp=drivesdk
191.mp3,https://drive.google.com/file/d/12GLLCMl--qQXdZEpY4DC3GMNORLiqf1q/view?usp=drivesdk
192.mp3,https://drive.google.com/file/d/1D5YBaik7UB14aqj33it7XXirqcvNJ0Q1/view?usp=drivesdk
193.mp3,https://drive.google.com/file/d/1HOr9IPIBYg8ERC37XazTQIdFszgTqxHm/view?usp=drivesdk
194.mp3,https://drive.google.com/file/d/1RFnHa859u4VhzEvbhHcUohA44nuIYKj6/view?usp=drivesdk
195.mp3,https://drive.google.com/file/d/1a6PO2cvkpp6eH5ZCAWq8HAGNcXfOp2xP/view?usp=drivesdk
196.mp3,https://drive.google.com/file/d/1dqKNwYon7TesUBWPET6cc0XaVorynBbh/view?usp=drivesdk
197.mp3,https://drive.google.com/file/d/1cGoDpQD1fr1whHEfTKhtexX0XjDoi3hP/view?usp=drivesdk
198.mp3,https://drive.google.com/file/d/1z8eJCuAlJJr_uUkFUYeFMcbDbSViJrMK/view?usp=drivesdk
199.mp3,https://drive.google.com/file/d/1REZfyzRHfgyJFCCtWT7jsEmb1c9ZQqvf/view?usp=drivesdk
200.mp3,https://drive.google.com/file/d/1oFu5HJwPNO2ymhCHLkACNzaVMXKk176R/view?usp=drivesdk
201.mp3,https://drive.google.com/file/d/1QSLPKGUdIwRo5PbwmN7OWXo-RdEDlYYr/view?usp=drivesdk
202.mp3,https://drive.google.com/file/d/19YtqlrJsp8ASw0OX98lWqMz3uTVEifZR/view?usp=drivesdk
203.mp3,https://drive.google.com/file/d/1wP3kfe3BKRo5-81tYR5utCZ__cTfRdrj/view?usp=drivesdk
204.mp3,https://drive.google.com/file/d/1ZWKX7Enlxm_MHs8aqwI4189v4b666Dqp/view?usp=drivesdk
205.mp3,https://drive.google.com/file/d/1I7IbhdWji4DhKQMsyybcfSZWC56J0kPG/view?usp=drivesdk
206.mp3,https://drive.google.com/file/d/1R_PsZfPN1KW68M1h1Wkh0W9xJCVCv3ru/view?usp=drivesdk
207.mp3,https://drive.google.com/file/d/1lNNkc1nwbKvsr8OjBYFc9W-bgBRDc9l7/view?usp=drivesdk
208.mp3,https://drive.google.com/file/d/17LVS3ZC9AnqY9cAmkS1zyE8r2V3RpSSq/view?usp=drivesdk
209.mp3,https://drive.google.com/file/d/1jd4iNQ-RpIE6qm-mC54Oy019munktFkR/view?usp=drivesdk
210.mp3,https://drive.google.com/file/d/1xurAAvpdTzqfArKedzHw0VSJsyuPNRBD/view?usp=drivesdk
211.mp3,https://drive.google.com/file/d/1FvzTvseaNCvSvXFoZsE1bEJ9iubY0hAj/view?usp=drivesdk
212.mp3,https://drive.google.com/file/d/1YQfkIbC-6aqHrSIVPmFseCz5IFVhvg11/view?usp=drivesdk
213.mp3,https://drive.google.com/file/d/105SjhS-mpOuSVwVhtkoV_GG44ZjQ_gFt/view?usp=drivesdk
214.mp3,https://drive.google.com/file/d/1S9jvgd-4TNPuiHiEyki9tGfosYU_-hgN/view?usp=drivesdk
215.mp3,https://drive.google.com/file/d/15HdGwEejWj25LnUxjT1cMX9psw95fZMT/view?usp=drivesdk
216.mp3,https://drive.google.com/file/d/18owzM6xZEY775HbXBb9DANH3db6u1PGY/view?usp=drivesdk
217.mp3,https://drive.google.com/file/d/1d2QAqaKCWMDB2sDMt7UM0loVLOz7mD02/view?usp=drivesdk
218.mp3,https://drive.google.com/file/d/1KZRQqfeCYGdDr-xv1UManccPKZp6vkan/view?usp=drivesdk
219.mp3,https://drive.google.com/file/d/1jMcMCE-e_Hejn6FRUrzCeZwv6KA9S5AU/view?usp=drivesdk
220.mp3,https://drive.google.com/file/d/1NP5eRsN689KW5PxkKtwoUpMSqAmhgeko/view?usp=drivesdk
221.mp3,https://drive.google.com/file/d/1tHunFFObmP8GHkPox_47ynpCSJup0JNQ/view?usp=drivesdk
222.mp3,https://drive.google.com/file/d/1E_uHxc-cvCKTpE6O6_fg1re-mBQmIwFG/view?usp=drivesdk
223.mp3,https://drive.google.com/file/d/1_nqgLRzacP6hq19TF7v0bKLm8-jMbfgs/view?usp=drivesdk
224.mp3,https://drive.google.com/file/d/1OhfityWuC7Ml1peXyq3yZ-Xq2PllNRAm/view?usp=drivesdk
225.mp3,https://drive.google.com/file/d/1FA-sNaVWkB-R5L5JP2_TWlDoS6752PQW/view?usp=drivesdk
226.mp3,https://drive.google.com/file/d/1jE9bvdtYJNBsceW9yv435rY-FIQ951yh/view?usp=drivesdk
227.mp3,https://drive.google.com/file/d/1rViQoK3iw5vC55xzPRX_w9DSW-4lXhJ4/view?usp=drivesdk
228.mp3,https://drive.google.com/file/d/1dc5eEB9-h01wWtYQ1mZoqWLoRq1JGr39/view?usp=drivesdk
229.mp3,https://drive.google.com/file/d/1yRiKuS8uAV1uQp7gdV3oFAOadwUuf5B-/view?usp=drivesdk
230.mp3,https://drive.google.com/file/d/1YQAOR2YPWPeGQ9YTuzlO0IhwAVDtn7QQ/view?usp=drivesdk
231.mp3,https://drive.google.com/file/d/1-yIkZYOgUBiy6rY19TWFMfYVbuNjO1uP/view?usp=drivesdk
232.mp3,https://drive.google.com/file/d/16yipQFqiVrIf2V9VajGe9BcxH1G0N0nZ/view?usp=drivesdk
233.mp3,https://drive.google.com/file/d/1L1XRMeSttKkL05SL5iBXASvOLV24jCgO/view?usp=drivesdk
234.mp3,https://drive.google.com/file/d/17GZPQKGwWAoRIZf0PdS__WHDPQaVsTSs/view?usp=drivesdk
235.mp3,https://drive.google.com/file/d/1R8pQZLhRddbQXoPFT_6-EOHZBy4prT2B/view?usp=drivesdk
236.mp3,https://drive.google.com/file/d/13sujypZxjvzS1XjKbY8XQdAtzNrQGjI0/view?usp=drivesdk
237.mp3,https://drive.google.com/file/d/1h6QhsiMdT-vYW8Q7xHXJAx3-Gh3HM1VF/view?usp=drivesdk
238.mp3,https://drive.google.com/file/d/191igPfOv4btnHV10Qt_dqlxxhFX0rMJd/view?usp=drivesdk
239.mp3,https://drive.google.com/file/d/1vsTM3ZQA60d2uZg4KutS9FlME0DKkDA-/view?usp=drivesdk
240.mp3,https://drive.google.com/file/d/1gah7xK3rpeAMjwtr9z1CYeGivtCi2uks/view?usp=drivesdk
241.mp3,https://drive.google.com/file/d/1N8O3jmOkSgoECSbghhHMNPcSjisoFKnz/view?usp=drivesdk
242.mp3,https://drive.google.com/file/d/1X0koe_ysjoMuPFl4VStbEl6zpoVAXUNx/view?usp=drivesdk
243.mp3,https://drive.google.com/file/d/1Q78inVaM__4G9ITEBcqGrCFiJ_MnbZcW/view?usp=drivesdk
244.mp3,https://drive.google.com/file/d/1rfktnU6NLVYjBBMc0yXFmW65aJU5gg6G/view?usp=drivesdk
245.mp3,https://drive.google.com/file/d/1iGll0dVzW-QpsxiSr_cHjwxF78OM8xcR/view?usp=drivesdk
246.mp3,https://drive.google.com/file/d/1HzdlujQGsUCvsL1NU4NaQ5MYNzjO03Uc/view?usp=drivesdk
247.mp3,https://drive.google.com/file/d/1sekKqKpusI4cKz8Gis4KLTgFP4pvBNNi/view?usp=drivesdk
248.mp3,https://drive.google.com/file/d/1do6sSyu3bb5kBCGA--bHOE7kbR2YTJ4U/view?usp=drivesdk
249.mp3,https://drive.google.com/file/d/1w7f9D97GeVp0EYxiSSYOUksQQO5IXNZG/view?usp=drivesdk
250.mp3,https://drive.google.com/file/d/1TqPFSXwOHpkyMbPNXJEN0SN1W3NbTEN1/view?usp=drivesdk
251.mp3,https://drive.google.com/file/d/1hIuuMLi5PJA-Zq76OA6Dp0HayCgoOiMy/view?usp=drivesdk
252.mp3,https://drive.google.com/file/d/1nErRWfYhX1dD2In-ypwL9HBfT7WWfSQF/view?usp=drivesdk
253.mp3,https://drive.google.com/file/d/196LrhJa3JACtQbYv5ikabOvEq7b0TjJ5/view?usp=drivesdk
254.mp3,https://drive.google.com/file/d/1tQty50CCSuEk05jRWmWL-W2lvPfuSgPj/view?usp=drivesdk
255.mp3,https://drive.google.com/file/d/17X9bfdr_mNruEH0k61Ail-Wg96fQmnaR/view?usp=drivesdk
256.mp3,https://drive.google.com/file/d/1vVVzxnxbXOpwsNLsaGHQQJIIo3GnUX7p/view?usp=drivesdk
257.mp3,https://drive.google.com/file/d/1MVyLr9Cjlokca22AKqkQobHYWO5eMA71/view?usp=drivesdk
258.mp3,https://drive.google.com/file/d/1ba5UKuxI0sSVusZZIG8eI_s7kWIbn22h/view?usp=drivesdk
259.mp3,https://drive.google.com/file/d/17MIdL83OjAHzSHH5mfSyWjln1imb-pZI/view?usp=drivesdk
260.mp3,https://drive.google.com/file/d/1kBII3UdFY-D1pHg3PTKQ7dDmOdoXVnvc/view?usp=drivesdk
261.mp3,https://drive.google.com/file/d/1CoVnSZipvdFI2QIqdm8n6fPzLZipVUR6/view?usp=drivesdk
262.mp3,https://drive.google.com/file/d/1b04fPvTZhB8faS92iMk4WaYakHqJr2Ip/view?usp=drivesdk
263.mp3,https://drive.google.com/file/d/1ctq7k7OkQCUk1G456A87ylcHa-rbuSTD/view?usp=drivesdk
264.mp3,https://drive.google.com/file/d/1F8oIL38ySLrSzepbUWrx9yjp-RQZkFvl/view?usp=drivesdk
265.mp3,https://drive.google.com/file/d/1xy6Duw0XD8Wvv7BYD8HSvs5odUpGDfjB/view?usp=drivesdk
266.mp3,https://drive.google.com/file/d/12pRr6oAHlWKvu1tPfYI8MtgPdSwX0alS/view?usp=drivesdk
267.mp3,https://drive.google.com/file/d/1tACdUJBq5cze0lSuW6On9kdzQDx2BNJL/view?usp=drivesdk
268.mp3,https://drive.google.com/file/d/1YOJhUgy7YGab4ZPh7NehKyFZZ7ae8PjS/view?usp=drivesdk
269.mp3,https://drive.google.com/file/d/1BzoCEiYh9dL3tIlZtzqA0mbN62amcAN6/view?usp=drivesdk
270.mp3,https://drive.google.com/file/d/10eWcQQ1sEI3Z7YpUnke4XuPnNfQnc2Fq/view?usp=drivesdk
271.mp3,https://drive.google.com/file/d/1T5cE6Bu7yhQJAr3WabIldvbeU0A-Efx6/view?usp=drivesdk
272.mp3,https://drive.google.com/file/d/1kF1IXsURFXDrzsEqpb8u1iipXNYYM5pf/view?usp=drivesdk
273.mp3,https://drive.google.com/file/d/1u3g5y8fWsdpmX7zrk7pCBjlYrHbyUnob/view?usp=drivesdk
274.mp3,https://drive.google.com/file/d/1L5c0ZXv_adnq9YIr2yVCyF8HiU8lp9PB/view?usp=drivesdk
275.mp3,https://drive.google.com/file/d/1a5tnIxACmZpEz0q7f9anp_F3WyNb6QRe/view?usp=drivesdk
276.mp3,https://drive.google.com/file/d/1RCJlq50VgPEKvloLENITHF1cKkPkBUPr/view?usp=drivesdk
277.mp3,https://drive.google.com/file/d/1QETKWUL8ROxz4QyI23Zx9Toeb3EYUdzz/view?usp=drivesdk
278.mp3,https://drive.google.com/file/d/19AxRtdJyYxA6q4SPTs0WZQ-HyDKLMSJk/view?usp=drivesdk
279.mp3,https://drive.google.com/file/d/1GGQJcGme_i7G_ukHen21Y8MhsT5livNl/view?usp=drivesdk
280.mp3,https://drive.google.com/file/d/1b2LTQ71YFkwK-GcBU1aAdQPZqL8tf5Uj/view?usp=drivesdk
281.mp3,https://drive.google.com/file/d/197EnXEPJ8CaBAoNZI1RzyVAZp7ezQNO9/view?usp=drivesdk
282.mp3,https://drive.google.com/file/d/1LyGA1gHGGszmGA4KICGCM3Bs2cFi12CC/view?usp=drivesdk
283.mp3,https://drive.google.com/file/d/1NBqyUQ6JnQRPDgCEycuCBbTFTfBfM1l2/view?usp=drivesdk
284.mp3,https://drive.google.com/file/d/1jXRBxpLhuKL8JOS_LfXwca8eLuwPg413/view?usp=drivesdk
285.mp3,https://drive.google.com/file/d/19gAgWNz9UGCFDVBnawdobjGLZX2XZGhB/view?usp=drivesdk
286.mp3,https://drive.google.com/file/d/15pVR_LcAKCjpb-HQ7IcTtzbQAnFzbrny/view?usp=drivesdk
287.mp3,https://drive.google.com/file/d/1V67bgIsPhPcU8ZSPbxl01DI1iayWnD56/view?usp=drivesdk
288.mp3,https://drive.google.com/file/d/1Wg8Tfpkcd5lm9j_rkUVgPT7h_2IfsV5K/view?usp=drivesdk
289.mp3,https://drive.google.com/file/d/1NNtqnQ8RrDt03txCh-SNFaNgFlo4-bEo/view?usp=drivesdk
290.mp3,https://drive.google.com/file/d/1XKnQwHQW7r0m-ANv9RgLNmRnrP4NP4Vp/view?usp=drivesdk
291.mp3,https://drive.google.com/file/d/1l3M3SYLVnK0ZBuE6K2e9HBNvcma23qCI/view?usp=drivesdk
292.mp3,https://drive.google.com/file/d/1lhSCjA-H1S81I2n64KkzWJUnFEO6-1-y/view?usp=drivesdk
293.mp3,https://drive.google.com/file/d/1g4IL4taYP-Q_3Q7FIRdHRDawe3CI-lfJ/view?usp=drivesdk
294.mp3,https://drive.google.com/file/d/1AbuE0QO9IHFcQZqyWtAPnxiN1wezNzDm/view?usp=drivesdk
295.mp3,https://drive.google.com/file/d/1ge_Nog9okWJnyCMvHkt9H_FBERVNiHPs/view?usp=drivesdk
296.mp3,https://drive.google.com/file/d/1sdApUXQ62K30MTpdVjVpGiobQRD5aKQC/view?usp=drivesdk
297.mp3,https://drive.google.com/file/d/1FdoNC0uPvlmFQvHGIGt6jFKbTUHTmKUy/view?usp=drivesdk
298.mp3,https://drive.google.com/file/d/1Tx6e6-TQmqp3JAbABnfNNp4y6AS451L9/view?usp=drivesdk
299.mp3,https://drive.google.com/file/d/1qjvuJwZ9n-tG1GfIyhyPNi2iWOs3PA7g/view?usp=drivesdk
300.mp3,https://drive.google.com/file/d/1xayxlQ8pPcvqn7vO-3rxkg9DjO_-fPFr/view?usp=drivesdk
301.mp3,https://drive.google.com/file/d/1LPnxEtgfJS_Lyg_68Wq7WLhnjHFfLFYJ/view?usp=drivesdk
302.mp3,https://drive.google.com/file/d/1jRDqiop28ZLO-chQ6JhbzR0G6cpwQO90/view?usp=drivesdk
303.mp3,https://drive.google.com/file/d/1t-L834IQp-7ZVn9cHjcaNDd3DK_m4mdm/view?usp=drivesdk
304.mp3,https://drive.google.com/file/d/1zjhOwv_0SNZbsRj11rQaMEoABcAwqGtA/view?usp=drivesdk
305.mp3,https://drive.google.com/file/d/1zsyGyZPZRzOGtJ50lR7096zWCG55-1av/view?usp=drivesdk
306.mp3,https://drive.google.com/file/d/16YjX1BH8gTPHj7igog1wypnwEfqLQGQk/view?usp=drivesdk
307.mp3,https://drive.google.com/file/d/1VNvP7yRrKgWMRl7i3nD8hqbnl5tj1Pup/view?usp=drivesdk
308.mp3,https://drive.google.com/file/d/1-3HBfoZ5B0z6tvtYe58Ve8vHU3r-cdHJ/view?usp=drivesdk
309.mp3,https://drive.google.com/file/d/1p9wBGQK6Q0vn4u7HulLuO7FiSKjEU2ro/view?usp=drivesdk
310.mp3,https://drive.google.com/file/d/1MtELgEfWFH6Nm10GEpDjsRVg7mVNWJmX/view?usp=drivesdk
311.mp3,https://drive.google.com/file/d/1aPrX7y3Sll3gvA0Qrt_1qzNx3DnHE4-T/view?usp=drivesdk
312.mp3,https://drive.google.com/file/d/1jOgLG98WqkJZaLLkym75btqR0wIb7BQ9/view?usp=drivesdk
313.mp3,https://drive.google.com/file/d/15C1SYFNKz_R4mrgr7Hq7u6spJWzvPX-0/view?usp=drivesdk
314.mp3,https://drive.google.com/file/d/1O4R8aWz7QDBjGmISlH3eGSIs1uN0rDZZ/view?usp=drivesdk
315.mp3,https://drive.google.com/file/d/14MTnacaenf8R7KLRd4je0m1lIQRLUztI/view?usp=drivesdk
316.mp3,https://drive.google.com/file/d/19QSOkEnQvsA0u54YHw-MTpcqzFpNT8A1/view?usp=drivesdk
317.mp3,https://drive.google.com/file/d/1J_bc44SJzB45Q0qfT9m1Fb-gf6Yc35E6/view?usp=drivesdk
318.mp3,https://drive.google.com/file/d/1BIwLTI5Gb7ThEorX7bGMggo8iDIICc6r/view?usp=drivesdk
319.mp3,https://drive.google.com/file/d/1yzIZINH-vLENPx7dxbv9bN7Jg5NJr7qT/view?usp=drivesdk
320.mp3,https://drive.google.com/file/d/1SCpnqf5ICD7NtpSbxno3HDfkozmhhQPL/view?usp=drivesdk
321.mp3,https://drive.google.com/file/d/1VNPJTWUOimsS4cuKXjLV68rctZzqdnS2/view?usp=drivesdk
322.mp3,https://drive.google.com/file/d/1W_2L4_RgLMpm4Dhgl6frxzmHZ4f-5oXT/view?usp=drivesdk
323.mp3,https://drive.google.com/file/d/1vRU1UjKDmSPeICmdL5CeWb_UYmVDuNQc/view?usp=drivesdk
324.mp3,https://drive.google.com/file/d/1Jt6UbdMdD9L3IQChq9BwjCyCqpYjuxvg/view?usp=drivesdk
325.mp3,https://drive.google.com/file/d/1ppcfXCh5vVvTcv4zkh2riuhPduC14rSI/view?usp=drivesdk
326.mp3,https://drive.google.com/file/d/1DjEMI9eUHuod-vQfj7-aHC09OBX2JLj4/view?usp=drivesdk
327.mp3,https://drive.google.com/file/d/1g6t0kWo2aNSbVsWG72RybRMXXmsr6LyW/view?usp=drivesdk
328.mp3,https://drive.google.com/file/d/1wZ33QIIQhLEfx8F6S7kUVyFRf270xj4Q/view?usp=drivesdk
329.mp3,https://drive.google.com/file/d/1zSzmelqCr37AzDXYJBPZo67aTv29Rh6E/view?usp=drivesdk
330.mp3,https://drive.google.com/file/d/151RHceY4VrYIhZQAFJVHSr9e1QsO1nMK/view?usp=drivesdk
331.mp3,https://drive.google.com/file/d/1ioipgb_yrGN95iv8gZQr2GXWg5qppOOq/view?usp=drivesdk
332.mp3,https://drive.google.com/file/d/1ClZZ9oX4L255D2BeF2PCRS-nlhtb4zmx/view?usp=drivesdk
333.mp3,https://drive.google.com/file/d/1TPfyb__x8IuricKZwlgDyCPQi7cRQTMD/view?usp=drivesdk
334.mp3,https://drive.google.com/file/d/1nIbzooM0MyGNSGchMxh6y3kbD0r0Rh0k/view?usp=drivesdk
335.mp3,https://drive.google.com/file/d/1ga_IbZSC-QxvRg6Qr8G07R6QH1GSLRvW/view?usp=drivesdk
336.mp3,https://drive.google.com/file/d/19gJajEI86bpYCD32EYKQ9qWAeaDvio4G/view?usp=drivesdk
337.mp3,https://drive.google.com/file/d/194T_Mhx0e7f78r068niQ3zh9zJS04Uvo/view?usp=drivesdk
338.mp3,https://drive.google.com/file/d/16lZzu_kNTiaB09_2CbBwSuHiuDbovjzb/view?usp=drivesdk
339.mp3,https://drive.google.com/file/d/1YW-8qia6RkQ6KbVm_gLBd7YR1Alw_P5c/view?usp=drivesdk
340.mp3,https://drive.google.com/file/d/1eOh008-UOp4wrUjcOarU-1sXQa_qj_ft/view?usp=drivesdk
341.mp3,https://drive.google.com/file/d/1EG7Cv6wvjvnDAyh0BDYKHRWiiDSEbMHN/view?usp=drivesdk
342.mp3,https://drive.google.com/file/d/18zivJHLoc_t_tWz8EAoguMpZZMMMrr1X/view?usp=drivesdk
343.mp3,https://drive.google.com/file/d/1kD3mLz_SggtV9j5R23HxFMhpr1FS_hfZ/view?usp=drivesdk
344.mp3,https://drive.google.com/file/d/1yXKN1l-aKvhE9U-fA_zjHf-COVjEKONB/view?usp=drivesdk
345.mp3,https://drive.google.com/file/d/1mVlXJqmKDdXTR7S4yBObv66a7JcHY08F/view?usp=drivesdk
346.mp3,https://drive.google.com/file/d/1zdgxP1cZai2ihG-tO8HYf7MSfeZXQ8xI/view?usp=drivesdk
347.mp3,https://drive.google.com/file/d/1DUjFtJtj6jNS9AJAVx95lh2ZA5m-I-Ja/view?usp=drivesdk
348.mp3,https://drive.google.com/file/d/1Z88giN1XPEWG7I4GpqFrkEivaEBDMQRQ/view?usp=drivesdk
349.mp3,https://drive.google.com/file/d/1MXqC8ojKsHzdAuPiP5-MG5ZU1SyrSlM4/view?usp=drivesdk
350.mp3,https://drive.google.com/file/d/1wkwvehKmbLbAXreKA-644kgTD7IAvpMo/view?usp=drivesdk
351.mp3,https://drive.google.com/file/d/1dh_UsVYxb1GTdVGF6Brmhusjv_11qg1f/view?usp=drivesdk
352.mp3,https://drive.google.com/file/d/1uMpn7dtMdsuIfUDVYkDhGBJbq_QFYhWo/view?usp=drivesdk
353.mp3,https://drive.google.com/file/d/1vn0QA_2zVz2m-ktBkjeG0mSU1n8HFtgK/view?usp=drivesdk
354.mp3,https://drive.google.com/file/d/1AN9qNap_hhS3Yy5I4e0g8kLRsG8Fkke0/view?usp=drivesdk
355.mp3,https://drive.google.com/file/d/1Mwn9ASYA1XYNOO3FY6teC0YwR2SMhgtg/view?usp=drivesdk
356.mp3,https://drive.google.com/file/d/188B_ZDmh-HZq8vT7Rvy_TMVY-D6K3EVX/view?usp=drivesdk
357.mp3,https://drive.google.com/file/d/1NMdLxCrrj_cNR9AJdfG6aOiZGFqDQiLB/view?usp=drivesdk
358.mp3,https://drive.google.com/file/d/1VyIBKikUnwbetgB5Np4QfwRsq0oXirO_/view?usp=drivesdk
359.mp3,https://drive.google.com/file/d/1zqzVJQe0NdG97CjHM-_-MT3Eg8n2zWJV/view?usp=drivesdk
360.mp3,https://drive.google.com/file/d/1X74cvlJsrBcwsQIuOLC2EyP8YjVP1ZGW/view?usp=drivesdk
361.mp3,https://drive.google.com/file/d/1RrIucK8QHdP9muUXK9jS7FbOLVB9Oh3o/view?usp=drivesdk
362.mp3,https://drive.google.com/file/d/1XvQxR-z0FYknZqkuFgoNBpkcgjg8tdfV/view?usp=drivesdk
363.mp3,https://drive.google.com/file/d/1jt79KSOaI1jg8izDIwMm8_92VRLc-11c/view?usp=drivesdk
364.mp3,https://drive.google.com/file/d/1ixMkkoDdPjmQZkzXjs8AMElWLYAyV5C4/view?usp=drivesdk
365.mp3,https://drive.google.com/file/d/10YqBDAX0fnu-eA1PV1OhvCQTdrJcDsCR/view?usp=drivesdk
366.mp3,https://drive.google.com/file/d/16dMm5hQIN5WXDKdr18E5T8mH4weVKlRk/view?usp=drivesdk
367.mp3,https://drive.google.com/file/d/1CRW08fjDUzWcVRnn-qP6pUNEpmEymbZZ/view?usp=drivesdk
368.mp3,https://drive.google.com/file/d/1yszERwQ6STqHCxLYaBxoLc8QDxSdOInd/view?usp=drivesdk
369.mp3,https://drive.google.com/file/d/1HSdo8kaRO-Xn_6gvvvJsZLGQxF7liwHl/view?usp=drivesdk
370.mp3,https://drive.google.com/file/d/1VVWBx406EQwi4ntuks7FReue33ZrbtlC/view?usp=drivesdk
371.mp3,https://drive.google.com/file/d/1SfWuuSUUsnGQD3s6ASBeFHyULeaDSMHH/view?usp=drivesdk
372.mp3,https://drive.google.com/file/d/1geTxp1rpdaKiu8kTgg9fWrfQh6dcdGap/view?usp=drivesdk
373.mp3,https://drive.google.com/file/d/1qO0MCvMAvsSzXdJGd8L4jyzmoFJqF4Hx/view?usp=drivesdk
374.mp3,https://drive.google.com/file/d/1QYkbI8e4vf2Mp9gUfSPdlh5g6iqqIE-7/view?usp=drivesdk
375.mp3,https://drive.google.com/file/d/1Hl7L-Emrnr1hZqa0nnGslkLl2CKhlHf2/view?usp=drivesdk
376.mp3,https://drive.google.com/file/d/11mQDk7PYtjHriTsC2bmTmepO9iZ7HND9/view?usp=drivesdk
377.mp3,https://drive.google.com/file/d/1Bnhf0i4mdRRGWPPn3DfClxsfRp7GRTuL/view?usp=drivesdk
378.mp3,https://drive.google.com/file/d/1r5Mf7U1oyrN1Tc_A-R5I6JReIEddt3AO/view?usp=drivesdk
379.mp3,https://drive.google.com/file/d/1uVK4qjlBz2SJr1l07UwUlkq50uVjxuVR/view?usp=drivesdk
380.mp3,https://drive.google.com/file/d/1LZy3mH2niPOr1c7nsx-GCITKt8wQ0Bln/view?usp=drivesdk
381.mp3,https://drive.google.com/file/d/1qdAlc-9AerB7mMyLSEd9h7PTcc9GRUEH/view?usp=drivesdk
382.mp3,https://drive.google.com/file/d/1j2r_5fRyXBehnqpdaz_J7zABqtsbZ1rE/view?usp=drivesdk
383.mp3,https://drive.google.com/file/d/1DuuVMuD8Q2BhYUc2Rplp6omdJGGQFs1d/view?usp=drivesdk
384.mp3,https://drive.google.com/file/d/1Yx5smGLJj-dmYY4waXpWYVVdgqhfUNzl/view?usp=drivesdk
385.mp3,https://drive.google.com/file/d/1ja1_BF1M9kr3bSt9UgpKpihHoCa0rePD/view?usp=drivesdk
386.mp3,https://drive.google.com/file/d/1iGm6_VF1bks8IRGLyQcT2I52XsNGoHzv/view?usp=drivesdk
387.mp3,https://drive.google.com/file/d/1Wscaq5DsbsNg8KYgdUFUU33vluUh3hfK/view?usp=drivesdk
388.mp3,https://drive.google.com/file/d/145oNQDhd-vt8eWzVsQmLjb59Gsmd16MR/view?usp=drivesdk
389.mp3,https://drive.google.com/file/d/1CL6OcnJWfr-XHQohWFHyZR533B5AwT-L/view?usp=drivesdk
390.mp3,https://drive.google.com/file/d/1gNLUOizYC2brpt9KTMzOUJOSfGOe9HlC/view?usp=drivesdk
391.mp3,https://drive.google.com/file/d/1OBGEFo6BeAlErBKA-r7HX6GHD7KtpCZz/view?usp=drivesdk
392.mp3,https://drive.google.com/file/d/1GTZXNVwfkrfVRHS2h3Yy-NGsZzAEfzrT/view?usp=drivesdk
393.mp3,https://drive.google.com/file/d/11KqmiJpLFKboZr4LeVme6GKDf5P8DS_e/view?usp=drivesdk
394.mp3,https://drive.google.com/file/d/1Izj7tdh0imyQaXY--X-4MgJt-nC8byBO/view?usp=drivesdk
395.mp3,https://drive.google.com/file/d/1HbjpHhnVeNORKhCZ6HnmF2DwuSF3LlVp/view?usp=drivesdk
396.mp3,https://drive.google.com/file/d/1OStzGSlDLGSunfYdF3QF_WVEPt9VgSPI/view?usp=drivesdk
397.mp3,https://drive.google.com/file/d/1IAEhOHDm0dek5x3WIZklR7f8wil-pWPn/view?usp=drivesdk
398.mp3,https://drive.google.com/file/d/1UAUP40lvwPDc4_s6vGpiTthPbFEM3FUR/view?usp=drivesdk
399.mp3,https://drive.google.com/file/d/1giBFBP_5Dnsp2h2LSma7Yuvm8FOu5-Zc/view?usp=drivesdk
400.mp3,https://drive.google.com/file/d/1n3sTu-wSWnc83whXHwNgRplvZggf6Tx-/view?usp=drivesdk
401.mp3,https://drive.google.com/file/d/1z4T1guJtpNYxElldLzci5vPkAWk24kmW/view?usp=drivesdk
402.mp3,https://drive.google.com/file/d/104XKeKUDyxQWFpf0YWq9vRKguwscWQtS/view?usp=drivesdk
403.mp3,https://drive.google.com/file/d/1-kJEjSE4qCtOcsfIcGfzZQD6SZCKfzwH/view?usp=drivesdk
404.mp3,https://drive.google.com/file/d/1NvYPhKqwebwY2b8C57irEf431NMbn-oR/view?usp=drivesdk
405.mp3,https://drive.google.com/file/d/1zD9wn2Ixq-pwWH-HwC0x8NOluvdO8zif/view?usp=drivesdk
406.mp3,https://drive.google.com/file/d/1jWswRCD3cYSGCa_6NC4skziiPRV1w_qw/view?usp=drivesdk
407.mp3,https://drive.google.com/file/d/1uWDCvEC9JvQZtz1E089otsqbx9a0Snyj/view?usp=drivesdk
408.mp3,https://drive.google.com/file/d/18aQMeV4Pon0ZmD9BPGqUStFdpKQTBhuV/view?usp=drivesdk
409.mp3,https://drive.google.com/file/d/1HIfbgUNHxAlryWjCfkhFfRVA6w_SHRQd/view?usp=drivesdk
410.mp3,https://drive.google.com/file/d/1lPWiM5wQ1FPhZeRdqMJzb8OC4KZA6M4z/view?usp=drivesdk
411.mp3,https://drive.google.com/file/d/1kVWbutY9bgnXice1aYwUAuLXbUYtt5sW/view?usp=drivesdk
412.mp3,https://drive.google.com/file/d/1pCZIu4QXu9mJl3Klx7dyOU2ZyLnaTolg/view?usp=drivesdk
413.mp3,https://drive.google.com/file/d/1TWqvnr-UTX0ispyt027p5Sjghvdl-m3F/view?usp=drivesdk
414.mp3,https://drive.google.com/file/d/17NHNbz4HXkwPkQRmoRtgvGuR020qvSF5/view?usp=drivesdk
415.mp3,https://drive.google.com/file/d/1RKcPw-eUX20XKcGn5VIVMIEfPk9_XNiu/view?usp=drivesdk
416.mp3,https://drive.google.com/file/d/1eyOM4-SUJV_J_TRCgPuuLt2DjYjbD9mn/view?usp=drivesdk
417.mp3,https://drive.google.com/file/d/1ZIFBISsNjhCvyM_E6wk7F0QuP4OIzInb/view?usp=drivesdk
418.mp3,https://drive.google.com/file/d/1nBqHDlLgVdxvbMjiR4Pcu2GLEvGZkPGw/view?usp=drivesdk
419.mp3,https://drive.google.com/file/d/1hJQobTUX5kUIvCYJqGj-svP83sfhseNV/view?usp=drivesdk
420.mp3,https://drive.google.com/file/d/18VVECOxyMxkdhlpixdShxo_fwsLnmADJ/view?usp=drivesdk
421.mp3,https://drive.google.com/file/d/18AbVaIeR4wLKmH37cCYO_o-9J2WkBRii/view?usp=drivesdk
422.mp3,https://drive.google.com/file/d/1gxvbe1qpZde1SQtnaZwvM5haRj9U1AYx/view?usp=drivesdk
423.mp3,https://drive.google.com/file/d/1HlXZfhWl6IRY0O6l7JVuR5jgZu6wSe_t/view?usp=drivesdk
424.mp3,https://drive.google.com/file/d/1qpv_c7I8WArs3GHjZSV-I_UaSQEElCrN/view?usp=drivesdk
425.mp3,https://drive.google.com/file/d/1ibSZ4NbIQeSnWvbeN6nIRWA_njA0yhkV/view?usp=drivesdk
426.mp3,https://drive.google.com/file/d/15LtWGzVgbGg1dLFj_hJG8YxZ2MvmBl8H/view?usp=drivesdk
427.mp3,https://drive.google.com/file/d/1W03fL72PQZ3-DNuO7pAHDlRXlIwPRNl5/view?usp=drivesdk
428.mp3,https://drive.google.com/file/d/1uhp72fSqVPxm0aUsAlmlaLlmdctrhtuG/view?usp=drivesdk
429.mp3,https://drive.google.com/file/d/1d9MDD08Wmnibe2fmb4ToYs_0HCottht0/view?usp=drivesdk
430.mp3,https://drive.google.com/file/d/1y0JNJcn0Fu4qXPnD-f_-K9Lz9fUHUkWg/view?usp=drivesdk
431.mp3,https://drive.google.com/file/d/1BZ8YOoG2469GtNOMzZA_9fTby5HkS6cl/view?usp=drivesdk
432.mp3,https://drive.google.com/file/d/1QBtlVpaNlrn0r2Tq8JnXJgmwP2oAUG3j/view?usp=drivesdk
433.mp3,https://drive.google.com/file/d/1Khvo7QktKllLXHC7xr2Oq-QstbGOM4bC/view?usp=drivesdk
434.mp3,https://drive.google.com/file/d/1ajrwCo5WMgeoF_dgx5MrmnMFCMGzjMlX/view?usp=drivesdk
435.mp3,https://drive.google.com/file/d/1vkou9agvPqb6IjJ1rwm2CvUZ7eoEKFdI/view?usp=drivesdk
436.mp3,https://drive.google.com/file/d/1pw577zF29D5rCUdDG74vHbys90APd-97/view?usp=drivesdk
437.mp3,https://drive.google.com/file/d/1dBREQyA3-t1UkVGLt3pSskJJ-vnZ53kI/view?usp=drivesdk
438.mp3,https://drive.google.com/file/d/1hv6TWI_Z9m0LIydLeS7LEBg2KhFI7btD/view?usp=drivesdk
439.mp3,https://drive.google.com/file/d/1v2dtYVHCv3S_ujhOVMnomtEEMEVcs22s/view?usp=drivesdk
440.mp3,https://drive.google.com/file/d/1TWOUXeHe1CHy5BkDBFTpEHVlBL3OL5a1/view?usp=drivesdk
441.mp3,https://drive.google.com/file/d/1Rfi7dUVgWBKhaMXfJOfGeqKKSTZugbIy/view?usp=drivesdk
442.mp3,https://drive.google.com/file/d/1BSPsOHCqV7C8dQYjUuR5Pb7cXPPvg2Cg/view?usp=drivesdk
443.mp3,https://drive.google.com/file/d/12XNl-ksKSgILIj_-e75pBIWlwMvbfvke/view?usp=drivesdk
444.mp3,https://drive.google.com/file/d/1Rd-0IcCdNXn33ypKnCZADz_L7xJD-h_i/view?usp=drivesdk
445.mp3,https://drive.google.com/file/d/1BRFpgMubm8wX_VOeNNbPx78BHeRmhJMP/view?usp=drivesdk
446.mp3,https://drive.google.com/file/d/1zxbxUcEE5T6pJOhmgX2idgeOyJNGMsCQ/view?usp=drivesdk
447.mp3,https://drive.google.com/file/d/1TlpGp074JgFVJCyufd-vHCeJ-02_k_R9/view?usp=drivesdk
448.mp3,https://drive.google.com/file/d/13QeiAGojY_DxzqZPLSoFnHsi_XrGFIWN/view?usp=drivesdk
449.mp3,https://drive.google.com/file/d/1EoeRONshCdYT07sfE7VdDUVYczwUwVJP/view?usp=drivesdk
450.mp3,https://drive.google.com/file/d/1Oa4ujjF4QdBYjg-KrmAWWHaoLvzHha7D/view?usp=drivesdk
451.mp3,https://drive.google.com/file/d/1ErY5g73bEiwLBQaHv7HfAy6u0K9SEiv5/view?usp=drivesdk
452.mp3,https://drive.google.com/file/d/1IWbIas8hedHJqrW8TkyXOrYJnbDqWHqZ/view?usp=drivesdk
453.mp3,https://drive.google.com/file/d/1TBXg9TE2Prmg7dxAyit3AiiHt62juvVa/view?usp=drivesdk
454.mp3,https://drive.google.com/file/d/15eiJvoA6kgZkzd6x1xiWoOWMxfWbSrqp/view?usp=drivesdk
455.mp3,https://drive.google.com/file/d/1xgjznijYG5MVzYSB8HJ6K_sReYbTrTQA/view?usp=drivesdk
456.mp3,https://drive.google.com/file/d/1sdOKyNfqcfTVo01Ifg-54a5nghYAiKvg/view?usp=drivesdk
457.mp3,https://drive.google.com/file/d/1Ca-hoxJnCNt6U4wJkSIEOPwrw2sozefR/view?usp=drivesdk
458.mp3,https://drive.google.com/file/d/158zQj4VOAJxN6xPeU9MqxsQbkp3IbIGX/view?usp=drivesdk
459.mp3,https://drive.google.com/file/d/1-qjZEwIrY8SuEy84zZYdK-5JEzAJqGiV/view?usp=drivesdk
460.mp3,https://drive.google.com/file/d/1BZzIZ97YL35FSNTuLNEdpAaTbhbsKXMf/view?usp=drivesdk
461.mp3,https://drive.google.com/file/d/11uie6d7iGVwxl9Doa4Sz45qOwgT2XeeV/view?usp=drivesdk
462.mp3,https://drive.google.com/file/d/1nIGWHfIqB024_IFNm4mzBr9xknydpLJX/view?usp=drivesdk
463.mp3,https://drive.google.com/file/d/1yMeqIcSPr8DE72KpqHRyGPY-P_jLBJ4O/view?usp=drivesdk
464.mp3,https://drive.google.com/file/d/1dIQc6GNVr0H2roAVBDJ3upiKtxIdE39k/view?usp=drivesdk
465.mp3,https://drive.google.com/file/d/1ClgF8PmlCftsSpokShUEi7nXfuUxv_QK/view?usp=drivesdk
466.mp3,https://drive.google.com/file/d/1HcwndELDHd9E83EMyFVRCtmzpp2XW8ld/view?usp=drivesdk
467.mp3,https://drive.google.com/file/d/1PlpmU3r7jqyVZUS-Y10L0iGCf1EdaAXM/view?usp=drivesdk
468.mp3,https://drive.google.com/file/d/1d5rBrMjT42nMwZkUzC3awj9w281SSJ_-/view?usp=drivesdk
469.mp3,https://drive.google.com/file/d/1SSTlDhS6aHgH0eT1urrZkhNxV7ONqxPt/view?usp=drivesdk
470.mp3,https://drive.google.com/file/d/1uLFxN-Bc0v5ZfsFSNjgrdSdbZQMu-1Nf/view?usp=drivesdk
471.mp3,https://drive.google.com/file/d/1TqM0y8ii1CjbP5oj7pAabvyoC8m2HQnR/view?usp=drivesdk
472.mp3,https://drive.google.com/file/d/1tRRdW5FIwTkSEAdv8YOWKZCR66jbX51N/view?usp=drivesdk
473.mp3,https://drive.google.com/file/d/1GU62NNMPO3m1-AY5ush6hkT3mkVWssGW/view?usp=drivesdk
474.mp3,https://drive.google.com/file/d/1qBXFFs6K0OBGBQ943_rnEYz3oP9iNa7l/view?usp=drivesdk
475.mp3,https://drive.google.com/file/d/1uBI_aBBVUxewF1MSltNOl5t1QJkKLhiD/view?usp=drivesdk
476.mp3,https://drive.google.com/file/d/1n8jccxCacMYCByHkD1eq54TH88jA76li/view?usp=drivesdk
477.mp3,https://drive.google.com/file/d/1UNI6fT5gplmNAyUeV49UMGyKJFqlmmhA/view?usp=drivesdk
478.mp3,https://drive.google.com/file/d/1IQSI5hyzPCdDOem2i-S_5Tu7cQTMRoDj/view?usp=drivesdk
479.mp3,https://drive.google.com/file/d/1QpCbb7vjRzlpgVUaK2hIt_OTGHSOgT2l/view?usp=drivesdk
480.mp3,https://drive.google.com/file/d/1e6TC8b2wQxxnRalmV04gM_ImhMWf5HYv/view?usp=drivesdk
481.mp3,https://drive.google.com/file/d/1RaJnWv0U1IWBGuW0bWCoXSlXWzti4KBS/view?usp=drivesdk
482.mp3,https://drive.google.com/file/d/1B-rELUQb8o4W6jELR_lGvyFFmBWUGnrp/view?usp=drivesdk
483.mp3,https://drive.google.com/file/d/1Z4tng-VyL_SUC-2_RPhyGu_2N7WEniOY/view?usp=drivesdk
484.mp3,https://drive.google.com/file/d/1XPgaxAG2ouy1rlPKBxL2o-OO0BRvEXtv/view?usp=drivesdk
485.mp3,https://drive.google.com/file/d/1YS4gNXgLuJ50NFN1TgHLkuByzCLYeCMR/view?usp=drivesdk
486.mp3,https://drive.google.com/file/d/1D6BrYTVVokjt6TKRAanmGE0fE6RCYBF8/view?usp=drivesdk
487.mp3,https://drive.google.com/file/d/1-vrAbWKBAlQr3vs3rEPBnuW1maMf-bEK/view?usp=drivesdk
488.mp3,https://drive.google.com/file/d/1QCdzZZCymgJjZmzidFf5mVZo0JBsyyFj/view?usp=drivesdk
489.mp3,https://drive.google.com/file/d/1NmyqQyxIck7qd287x5SzfAGUL9oWCxGw/view?usp=drivesdk
490.mp3,https://drive.google.com/file/d/1MMwBFMl30eGufabY0hD0c2aJJEPs6QTV/view?usp=drivesdk
491.mp3,https://drive.google.com/file/d/1REdoKJCX3d6TYL0AovBF5plBoAstrJT_/view?usp=drivesdk
492.mp3,https://drive.google.com/file/d/1ofyeiyZgP26VmpLXrz_teWwXyAT51q0v/view?usp=drivesdk
493.mp3,https://drive.google.com/file/d/1BYFomk1hmDajSj4zcp3uzffrshATA7RP/view?usp=drivesdk
494.mp3,https://drive.google.com/file/d/16Xgve-w99ypRgveNUom1C9kHBTJ0bWLW/view?usp=drivesdk
495.mp3,https://drive.google.com/file/d/1H0VbjiHhKfqXqI---4rTF29AMTm_8Jn4/view?usp=drivesdk
496.mp3,https://drive.google.com/file/d/1m42t0nkN1px4dv_pmTm6UbZNpncdMwGs/view?usp=drivesdk
497.mp3,https://drive.google.com/file/d/1t5c8xLGXJ0-IJiLdsHzyxEOZPDS5rOAm/view?usp=drivesdk
498.mp3,https://drive.google.com/file/d/1spABWyZhnAfWctxU2j3skYc9kAnJx9zk/view?usp=drivesdk
499.mp3,https://drive.google.com/file/d/1TFnPWPVn1_4jABb2r_8_pZRjwGTcW2PE/view?usp=drivesdk
500.mp3,https://drive.google.com/file/d/1wYwsobJ6ffUZP0Kl4koI-mHICuJPo_AX/view?usp=drivesdk
501.mp3,https://drive.google.com/file/d/1s6DzMs5-NVn6SxwwTKmK-FeZxS0ZZ9d1/view?usp=drivesdk
502.mp3,https://drive.google.com/file/d/1AFQBLo-aoQIDaKvIVAGPtY_qfrLiaFWZ/view?usp=drivesdk
503.mp3,https://drive.google.com/file/d/1qmqw-Qss1Zgbz94XeMEa6bCJAmcUhblC/view?usp=drivesdk
504.mp3,https://drive.google.com/file/d/1cgHr66gPPvrm9y6J4lVuvE2zcJQIUtDR/view?usp=drivesdk
505.mp3,https://drive.google.com/file/d/1kM1CkvYMYmRo_hIKtxsIsU3QQUO0FFpt/view?usp=drivesdk
506.mp3,https://drive.google.com/file/d/1wEHqM9h6ZReUu05tdfVSIo9aZm4l1ca4/view?usp=drivesdk
507.mp3,https://drive.google.com/file/d/1dMs3UiltWzS_Wohnw47UjSmm2WHIIfqk/view?usp=drivesdk
508.mp3,https://drive.google.com/file/d/1J3zYO_VJMkOGqkDmevzC7nMbPduz9KDo/view?usp=drivesdk
509.mp3,https://drive.google.com/file/d/1rEklcTAmd-k7wD0OFdIoBOQ1U319XmXY/view?usp=drivesdk
510.mp3,https://drive.google.com/file/d/1e9SbvJm6k2TSj_lIwX4sbZLqh8YuGLqz/view?usp=drivesdk
511.mp3,https://drive.google.com/file/d/1DLlcgW7JuV78vTMUqf7GYfMziESuXV7Y/view?usp=drivesdk
512.mp3,https://drive.google.com/file/d/1z5FLai-HYIvhFcxKUJMpjJz-FR-gqKJ9/view?usp=drivesdk
513.mp3,https://drive.google.com/file/d/1iQ7q2G7wYz4jTYkKgTB4VlL7cTfXHoUs/view?usp=drivesdk
514.mp3,https://drive.google.com/file/d/1niHGzp1AtHBWkPrSuukd-0sWBrVOhTqt/view?usp=drivesdk
515.mp3,https://drive.google.com/file/d/10X9moaSayjh3X6wde4-cg1Tz-BA5Y9f8/view?usp=drivesdk
516.mp3,https://drive.google.com/file/d/16PTa4YlpKfG_cTjKi64k36tROf09UEFY/view?usp=drivesdk
517.mp3,https://drive.google.com/file/d/1onctkQ8UmKKcu2hn836jWexdTrmXiJq1/view?usp=drivesdk
518.mp3,https://drive.google.com/file/d/1S1qitA2kYDnxww3fyM3yucBPYV3z4jjo/view?usp=drivesdk
519.mp3,https://drive.google.com/file/d/1-1UZEdm-3TbrfXiIrqvk62prUIBz1ZK6/view?usp=drivesdk
520.mp3,https://drive.google.com/file/d/1tOshpu5vM5UnQXLRH0eZ2GW5fGRsYZxH/view?usp=drivesdk
521.mp3,https://drive.google.com/file/d/1myXI68QyN_f8rhlwFls58YKelXSQaudm/view?usp=drivesdk
522.mp3,https://drive.google.com/file/d/1OLIXa5EwiFSDCxQA1X7-DV0BL3-jy7tZ/view?usp=drivesdk
523.mp3,https://drive.google.com/file/d/1E7-eQOSD6DhqEz3QBGJy1AdAjgXHFNq3/view?usp=drivesdk
524.mp3,https://drive.google.com/file/d/1H1KK6O1Ceo9ouLK1wWTJapleSd0uhfa3/view?usp=drivesdk
525.mp3,https://drive.google.com/file/d/1L1nOv_Hgtg5qVzrMtPlmXg1G_5_IK7zp/view?usp=drivesdk
526.mp3,https://drive.google.com/file/d/1qM_clLzxHevGTm0fu2PJLlS4JPEwpN8f/view?usp=drivesdk
527.mp3,https://drive.google.com/file/d/1jhuGj-coVKAAnyYhHXPIxMGUWyRTpZ9X/view?usp=drivesdk
528.mp3,https://drive.google.com/file/d/1319FJmYb7oMFaI1h5-PNdR8m2nKDyak4/view?usp=drivesdk
529.mp3,https://drive.google.com/file/d/1B2QF1IYWO6RPQox1HBdFflVTEaX31OcK/view?usp=drivesdk
530.mp3,https://drive.google.com/file/d/1o3CRHIpXFhNHM4aDanu5Hm1gjt0JB2eq/view?usp=drivesdk
531.mp3,https://drive.google.com/file/d/1dkSaX3r7BV1fNZYe8YoQL6Fmvpf8Tu86/view?usp=drivesdk
532.mp3,https://drive.google.com/file/d/15dXqlTNMBpi-EVZyYlEoawu_GxqcHiDN/view?usp=drivesdk
533.mp3,https://drive.google.com/file/d/1buODgwIVfiRRfLKRowjPmakq6B6SzFg-/view?usp=drivesdk
534.mp3,https://drive.google.com/file/d/1BZi8NzsuIYpEjNKuXaqQXYmiGz7-Dpdf/view?usp=drivesdk
535.mp3,https://drive.google.com/file/d/1lHsxAaHIeAEdQO05skxX1LjDNMLWhYta/view?usp=drivesdk
536.mp3,https://drive.google.com/file/d/1Qw65d2_FwsMuJv3rrzqO3MRzSoO8QpPG/view?usp=drivesdk
537.mp3,https://drive.google.com/file/d/1MACnWQMj81CuxmjV9yDOG2CD4LrsJlza/view?usp=drivesdk
538.mp3,https://drive.google.com/file/d/1l_dUdz7rPUV8sRYWpOauJXaEM4eXwKSl/view?usp=drivesdk
539.mp3,https://drive.google.com/file/d/1iIraEfWo4vrRN3NNwCvQBJesjH_1QSMx/view?usp=drivesdk
540.mp3,https://drive.google.com/file/d/15lS44877B6HkRNloSpbGfd46B0XPbxJ2/view?usp=drivesdk
541.mp3,https://drive.google.com/file/d/1YgqsC0boyDqsBo3YPjz_580qvrvAX4M5/view?usp=drivesdk
542.mp3,https://drive.google.com/file/d/1ICaB_kEH-wyVjO_SWECwlpUSceuKEw93/view?usp=drivesdk
543.mp3,https://drive.google.com/file/d/1Mhh8S3R4vP3hCr3jOSk_7kDgIaNFu2JZ/view?usp=drivesdk
544.mp3,https://drive.google.com/file/d/1tW5oxo__n2VRM_TuzRS-DO7ad152ZyuC/view?usp=drivesdk
545.mp3,https://drive.google.com/file/d/1mc4HDpUybUlRPZFWp3x3LFF7p4bFWOpx/view?usp=drivesdk
546.mp3,https://drive.google.com/file/d/1XYa7B177cPK2OQvqavC3A_UjWWarO-3a/view?usp=drivesdk
547.mp3,https://drive.google.com/file/d/1DysT5QZRDOTYk1eXD1tTLMjTsuF9Kjrv/view?usp=drivesdk
548.mp3,https://drive.google.com/file/d/1sv54xXq-etvmFyGeGekFyF13A3Ne7Huu/view?usp=drivesdk
549.mp3,https://drive.google.com/file/d/1CGv_zqY6ONdlqLjyfMD_g4vVeoD4xDjY/view?usp=drivesdk
550.mp3,https://drive.google.com/file/d/1hHVPCsjO4ySqw14u5wi2l8gHQ7PoagF-/view?usp=drivesdk
551.mp3,https://drive.google.com/file/d/1LfugXcCaVZohVQ4-hcXqhAUG_MY60pOv/view?usp=drivesdk
552.mp3,https://drive.google.com/file/d/1A5JMk68BlgJfV86jiAITZRuA5XPqDgnv/view?usp=drivesdk
553.mp3,https://drive.google.com/file/d/1_OCxqQvewvzBjjkMPnZ7McNjTnXhy6J4/view?usp=drivesdk
554.mp3,https://drive.google.com/file/d/1nv3-L-ha3O_TRkPMnOAGwbjuBF0qo2SY/view?usp=drivesdk
555.mp3,https://drive.google.com/file/d/1rMzRfIO7dDbPKy3BFKnjb93X0PNkNBDn/view?usp=drivesdk
556.mp3,https://drive.google.com/file/d/1JAJscuAdyPQCbFKyA4nz2Dk0LpniFgfd/view?usp=drivesdk
557.mp3,https://drive.google.com/file/d/1jnT83K8VE_yKnnlT4_36etIKZ5vzBbQX/view?usp=drivesdk
558.mp3,https://drive.google.com/file/d/1npBPbgEE0lypO4dxGlUTukV2a5JapbHK/view?usp=drivesdk
559.mp3,https://drive.google.com/file/d/162Vo-VEieNMLbZxJ7TT7lGRRk7-ZQc8F/view?usp=drivesdk
560.mp3,https://drive.google.com/file/d/15CbnwyDf6c-PIGo_HJY7QX8dzd_eR3K0/view?usp=drivesdk
561.mp3,https://drive.google.com/file/d/1D4K7aAbdoParW2V1FgMbpn6ZDcgL6VWS/view?usp=drivesdk
562.mp3,https://drive.google.com/file/d/1p19iJ_kfBkr4cBhN2TpSdmSJjhycv3lj/view?usp=drivesdk
563.mp3,https://drive.google.com/file/d/1daamhbgBtbgSDU1gJhzfNWDcAR9L2pBg/view?usp=drivesdk
564.mp3,https://drive.google.com/file/d/1F7iI2nzwuXkPCTzZfWMXZGwqxl3o_DgH/view?usp=drivesdk
565.mp3,https://drive.google.com/file/d/1p02Bpl37CyvDHXy97P_3WL-KdodrjcEL/view?usp=drivesdk
566.mp3,https://drive.google.com/file/d/1OYmNNHCPPJOpCt-_GYoeubsl42h45bsX/view?usp=drivesdk
567.mp3,https://drive.google.com/file/d/1yuIgUt7CMEMBqb6DG9IgPeTvWyDlNDfF/view?usp=drivesdk
568.mp3,https://drive.google.com/file/d/1dRH5NqmBn4ufqtWBDynRGD5MBgq6Atwo/view?usp=drivesdk
569.mp3,https://drive.google.com/file/d/1uR09EA_nfwZEcC5IVak5Ix1bNIDpkZMU/view?usp=drivesdk
570.mp3,https://drive.google.com/file/d/1haM6EtLKx-XwJbFZolKFtVXk04txUTJ2/view?usp=drivesdk
571.mp3,https://drive.google.com/file/d/1g8Lnm5yv9jv8lwZybO8JWAIYr9snB1Iw/view?usp=drivesdk
572.mp3,https://drive.google.com/file/d/15_OJ23Fl4BYF87HJrdZ_jHFyXdDHzw-p/view?usp=drivesdk
573.mp3,https://drive.google.com/file/d/1R-s4-4h4H23FQxBoHkoNwSFsnGVLnRvp/view?usp=drivesdk
574.mp3,https://drive.google.com/file/d/18ddfOj_AxT0bIjhSXO72eyly6_5dXWat/view?usp=drivesdk
575.mp3,https://drive.google.com/file/d/1MXQJ93agCeyu8sr361xMtQHIFdLSXkP8/view?usp=drivesdk
576.mp3,https://drive.google.com/file/d/1P6sAeC3wTEe2qZzjKX8XOWujqVZEonXT/view?usp=drivesdk
577.mp3,https://drive.google.com/file/d/1Zc5G482VYrde4EQaup0WZ4aZofHPQSNK/view?usp=drivesdk
578.mp3,https://drive.google.com/file/d/1l37YlaXb-4694AFoheb9G5EyPoAnzTkK/view?usp=drivesdk
579.mp3,https://drive.google.com/file/d/12Jgd5nTyClbcEa9gylWBW1Ck2NHp9a1C/view?usp=drivesdk
580.mp3,https://drive.google.com/file/d/1jAjxSFasJqYQaS58Bu2t2BhyOEuDxfit/view?usp=drivesdk
581.mp3,https://drive.google.com/file/d/13T-EXahh3ObI5tJtGDWFa2sjQrRW1Et_/view?usp=drivesdk
582.mp3,https://drive.google.com/file/d/1P6Mx0DIq63q4126tkFl8d-5JtG0AhwKm/view?usp=drivesdk
583.mp3,https://drive.google.com/file/d/111l7Q8QWFhL6hRS03HCTCft4n8iiDrDp/view?usp=drivesdk
584.mp3,https://drive.google.com/file/d/1IY00PKBgshdR1Uz0mCsiliPo7n1qdrE6/view?usp=drivesdk
585.mp3,https://drive.google.com/file/d/1j_4Xz6_ry_lWST5LO1M7pVSIH21jQuaU/view?usp=drivesdk
586.mp3,https://drive.google.com/file/d/18ODwcdTnEs4Ndhvblb9uf8d6lAh3nkzS/view?usp=drivesdk
587.mp3,https://drive.google.com/file/d/1ze7oSKQvZtVRTZXfz3KP3gh5Im_EB2lA/view?usp=drivesdk
588.mp3,https://drive.google.com/file/d/1t6U3MmlR4zvFqR0-X0bpUOkuOSD-8myC/view?usp=drivesdk
589.mp3,https://drive.google.com/file/d/1SBMEteDEhzmBlIh6NTnGaIXAw5U4BGkf/view?usp=drivesdk
590.mp3,https://drive.google.com/file/d/1Hjp3iZhxxPSW5v96ZgWLSPLDBA5ERcH4/view?usp=drivesdk
591.mp3,https://drive.google.com/file/d/18pi7Kx4GwVFe1vknDboKl7WQvFTlBdEh/view?usp=drivesdk
592.mp3,https://drive.google.com/file/d/1dW3AxWubQA8WIZgXi-mugRNpC07zJ1wF/view?usp=drivesdk
593.mp3,https://drive.google.com/file/d/1nK2RyI01zF69cCgDab9ZjS4ozqlOWgii/view?usp=drivesdk
594.mp3,https://drive.google.com/file/d/1BRwu_tIGGgxc-BLZNsi4CrG6rOKTP2RT/view?usp=drivesdk
595.mp3,https://drive.google.com/file/d/18zCQcZwSPM2fGRDgkmxgxaiIo3Y-BVVl/view?usp=drivesdk
596.mp3,https://drive.google.com/file/d/1hJhwY6hRxLP9verOIu6YOuRcjNf4KXA-/view?usp=drivesdk
597.mp3,https://drive.google.com/file/d/1rH3rbjAB0AeljT6cwl57i_F5SsJTXt3M/view?usp=drivesdk
598.mp3,https://drive.google.com/file/d/1mXTaCSUf6ndGIjL4XybcgriBvQgQhGN_/view?usp=drivesdk
599.mp3,https://drive.google.com/file/d/1s8Y3WTQAsMhAtru-tjFtAuZLC4PN-K_O/view?usp=drivesdk
600.mp3,https://drive.google.com/file/d/1lgNt57U1wZYy-UaWbvGD1LtrRJLoPxyz/view?usp=drivesdk
601.mp3,https://drive.google.com/file/d/1HPFT43Q3NnT6_2WyAaN8XS3jOMzrRMBZ/view?usp=drivesdk
602.mp3,https://drive.google.com/file/d/1sQi77c6nsn1eFXIvF1wwkTm0_DGOn5mZ/view?usp=drivesdk
603.mp3,https://drive.google.com/file/d/1C4BTYbHPq-Ijw4Jfs_lwMWHRVYhSbkjS/view?usp=drivesdk
604.mp3,https://drive.google.com/file/d/1plOxdzTfL9HQaJgtytFNy6ITManbhCrs/view?usp=drivesdk
605.mp3,https://drive.google.com/file/d/1aFrnmt07OECa9mur1lFZrTL-oGSohyVV/view?usp=drivesdk
606.mp3,https://drive.google.com/file/d/1MxmI6wtCCaVbW5TqnC-8IdwoEktYmHlc/view?usp=drivesdk
607.mp3,https://drive.google.com/file/d/1Qqoyu6dsfF9oMGshuaIL0nfWN_NKKw95/view?usp=drivesdk
608.mp3,https://drive.google.com/file/d/1OeV6SQoLq6pnA8BbuIfs9qBZCslhiRyl/view?usp=drivesdk
609.mp3,https://drive.google.com/file/d/1SDZRyW3EwG2t5dxdX0ivlLwjM1nqBHX-/view?usp=drivesdk
610.mp3,https://drive.google.com/file/d/1qbJUF-fIoBQld1gAAkF-2KsRy-lOhiYF/view?usp=drivesdk
611.mp3,https://drive.google.com/file/d/1rziPcf8QyNXzsaNyiK9t7-KiALrdvm4Y/view?usp=drivesdk
612.mp3,https://drive.google.com/file/d/1rWarTt66LKmSBF3I6_6tO7SIlO2EJ2cQ/view?usp=drivesdk
613.mp3,https://drive.google.com/file/d/1UDPTqJp2uUXuihRAf8uNnxi6GwJews-2/view?usp=drivesdk
614.mp3,https://drive.google.com/file/d/1MO0Vh2c5oYWXkyp2aObc9mltMIQc2q-9/view?usp=drivesdk
615.mp3,https://drive.google.com/file/d/12X8dekYkMrYwDPYOhQy4kRxBz66Y3MHh/view?usp=drivesdk
616.mp3,https://drive.google.com/file/d/1V4UBM_0qPUzNv32mN-lortsvdTnH0jKy/view?usp=drivesdk
617.mp3,https://drive.google.com/file/d/1-kStFv4GMtefE1CvJaOk00zzscW04YPG/view?usp=drivesdk
618.mp3,https://drive.google.com/file/d/11JIC5kWxqEZeXa5pQ9YnYHbpOJiELBbz/view?usp=drivesdk
619.mp3,https://drive.google.com/file/d/1PPsJItmA0OZ4MsRRcbESCREhmE_l_c9l/view?usp=drivesdk
620.mp3,https://drive.google.com/file/d/1gd-Fhs-j2CDF-eAT0pL91pPw2SBYbXP5/view?usp=drivesdk
621.mp3,https://drive.google.com/file/d/1YKDEc-8u8wNoFyQnoth7atySR-WM5hMk/view?usp=drivesdk
622.mp3,https://drive.google.com/file/d/131OssUGdXwpBWfSjCY9VYRKmsUbpHzII/view?usp=drivesdk
623.mp3,https://drive.google.com/file/d/1nyZ2SMaDy9OipPcmisSn-7WY3krY7IkL/view?usp=drivesdk
624.mp3,https://drive.google.com/file/d/1TK02WmL9ELv8f3Op9I3wwf6oytdTwFZq/view?usp=drivesdk
625.mp3,https://drive.google.com/file/d/14yI0Nf7Z40ReoHEpCIUb0fmvT6Mg1_ET/view?usp=drivesdk
626.mp3,https://drive.google.com/file/d/1f4B4SvKH56J0DfBMrjn2nrgYyV8KiuEO/view?usp=drivesdk
627.mp3,https://drive.google.com/file/d/1fvpgTlIg5-rYvZup7pf8PxXc0UxLoaY0/view?usp=drivesdk
628.mp3,https://drive.google.com/file/d/1TKm81kEgmDTdTh7O2AWjEuYityQ7IK3A/view?usp=drivesdk
629.mp3,https://drive.google.com/file/d/1jfpksoaqXWVgVvPZEGWP_CRPoaZ4o-HL/view?usp=drivesdk
630.mp3,https://drive.google.com/file/d/1U3ZWcG5N9H9DbqPhXp6Qo8e8WLCliYE0/view?usp=drivesdk
631.mp3,https://drive.google.com/file/d/1jxAh6ro-xioTxzsqLIhdcvK-OzYz9w-p/view?usp=drivesdk
632.mp3,https://drive.google.com/file/d/1C671JhHQseL_0zkt7a0Hf9wm2uBd8atS/view?usp=drivesdk
633.mp3,https://drive.google.com/file/d/1K9CSfhz0Kk04ve3N8zdjLj7Q8wMSGlLd/view?usp=drivesdk
634.mp3,https://drive.google.com/file/d/1V_7dPta8EC4-ISGcflIrf9mHCt8lq63z/view?usp=drivesdk
635.mp3,https://drive.google.com/file/d/1ToNaFVRsr7uGg1WfoDz2C6lpaM_I5naI/view?usp=drivesdk
636.mp3,https://drive.google.com/file/d/1s0V0wVDnfX9YQrgrgyqYpJwX0RD1-Mq4/view?usp=drivesdk
637.mp3,https://drive.google.com/file/d/1dL7OOxxvpf_1vqdzJTC7oumgAhm0x4ZF/view?usp=drivesdk
638.mp3,https://drive.google.com/file/d/1MSFhtBYBnFxIGZJWu_A8QU0d5uceB2e6/view?usp=drivesdk
639.mp3,https://drive.google.com/file/d/1inBoN5g17xXE88bkcbI-BK1hPFbltnBe/view?usp=drivesdk
640.mp3,https://drive.google.com/file/d/1ExiN_rbJ3No_FuGY_gNlbscE6s4ikOAg/view?usp=drivesdk
641.mp3,https://drive.google.com/file/d/1P3uXApXfPUZonuHsyFT33HA3ovP_HBZ5/view?usp=drivesdk
642.mp3,https://drive.google.com/file/d/1axAQNGQwfvmlY0O3epuGhzSYEzu3vgaE/view?usp=drivesdk
643.mp3,https://drive.google.com/file/d/17BeOT7DP97tI92R87KOur8g1kKU_I2Iq/view?usp=drivesdk
644.mp3,https://drive.google.com/file/d/1lFbfO7w-8qxS5x9i6mkmtSVZceVpk64f/view?usp=drivesdk
645.mp3,https://drive.google.com/file/d/1B3RFIW1PzzGTgs9Dk3LPAbhGB99r-Qp4/view?usp=drivesdk
646.mp3,https://drive.google.com/file/d/1FhFq-9TWOw23KDwN2QGaZXlMzSBZlyxg/view?usp=drivesdk
647.mp3,https://drive.google.com/file/d/1TLUWSse-cR1AlrwbbvW-AxshBW4fEcOj/view?usp=drivesdk
648.mp3,https://drive.google.com/file/d/1iGDCPAKqGmfn8nCOa5ngF5JgJbC1sbuK/view?usp=drivesdk
649.mp3,https://drive.google.com/file/d/18VdeJbHTLmBHpNqZ1cTiPg7ERXxXMRHc/view?usp=drivesdk
650.mp3,https://drive.google.com/file/d/1gOma01Vgv9BOVtMysjGrhUGpFAZbly23/view?usp=drivesdk
651.mp3,https://drive.google.com/file/d/1FaK-OAmnEqaZ-6fBkAI8LxG8Ayiq4QA4/view?usp=drivesdk
652.mp3,https://drive.google.com/file/d/16FLfGyckxOWflY7reCYzazHuorOmufY0/view?usp=drivesdk
653.mp3,https://drive.google.com/file/d/1-kDDuyaiEzJoFAOZae2_L9PCmwlmtMqd/view?usp=drivesdk
654.mp3,https://drive.google.com/file/d/13HZ1hNcX49ytsijajam9t2bBnWi96UmM/view?usp=drivesdk
655.mp3,https://drive.google.com/file/d/1UeiNYYvAhEdc8fTxfJtEJkdvFwu63BpC/view?usp=drivesdk
656.mp3,https://drive.google.com/file/d/1TK87g5UST6EUYf_RddhK87cj7CDKT2mP/view?usp=drivesdk
657.mp3,https://drive.google.com/file/d/1plgZ3rhYd9oib4ck_0HVXfwyXPEniDhU/view?usp=drivesdk
658.mp3,https://drive.google.com/file/d/1XvGwZvs7hpOSkrWzyDsufiePSNtKpfc7/view?usp=drivesdk
659.mp3,https://drive.google.com/file/d/1jDekjasOwozwaQ6P73mDhO8UJvW98MFa/view?usp=drivesdk
660.mp3,https://drive.google.com/file/d/1WwBTUHRf9jNgy1eEqmWu_kgLlLuEnldE/view?usp=drivesdk
661.mp3,https://drive.google.com/file/d/1e_KqO8h94PtJeV4vTpe3TRfxg_lzAwky/view?usp=drivesdk
662.mp3,https://drive.google.com/file/d/1mqJiNTJh4OPdRZ1AMhrHW1GS1L_xys0G/view?usp=drivesdk
663.mp3,https://drive.google.com/file/d/1VAKj5QpXNSHE_2ldPq2WXQutAqgVknlR/view?usp=drivesdk
664.mp3,https://drive.google.com/file/d/1tC5boJ6rlmjrR4pPCzJ-E_vnUsNXT7ov/view?usp=drivesdk
665.mp3,https://drive.google.com/file/d/1MZv0kVphPURiXpOXw25HZkv-vdRS5qx1/view?usp=drivesdk
666.mp3,https://drive.google.com/file/d/1JNY8N1LYTELfjTqGq4ANGkMzeThwr4tA/view?usp=drivesdk
667.mp3,https://drive.google.com/file/d/1id3kAHJ-oHuPJ3XIcZqbUtH1obKBzTVf/view?usp=drivesdk
668.mp3,https://drive.google.com/file/d/1dJ9Nfgx15bS-yadAvmIvy_l29bMM2rd_/view?usp=drivesdk
669.mp3,https://drive.google.com/file/d/1qpY54Xlsrgm8FBO-Ttz_Ak34ST9x78QD/view?usp=drivesdk
670.mp3,https://drive.google.com/file/d/10FuuWasOY3vx_ZRa8eiPLM_NGU84bNYV/view?usp=drivesdk
671.mp3,https://drive.google.com/file/d/1_8RwPl7jKbAeZ0lGpBzE0ItyuN2YX3G7/view?usp=drivesdk
672.mp3,https://drive.google.com/file/d/1gjHn-WACbS75r1IeWKWLh7JysrZ94K9E/view?usp=drivesdk
673.mp3,https://drive.google.com/file/d/1vEBnSTBoxTHJaypAOt2is_vx1aQQuRMg/view?usp=drivesdk
674.mp3,https://drive.google.com/file/d/1b-5PDNl5P9SvlVygHtg5j7rOVjB9InjH/view?usp=drivesdk
675.mp3,https://drive.google.com/file/d/1lIHfRIuedm60l5RdRCKzzuVe5BmsM8zI/view?usp=drivesdk
676.mp3,https://drive.google.com/file/d/1xlB0XCopxHN8pAA9y3mo8ogkSt-l91Sj/view?usp=drivesdk
677.mp3,https://drive.google.com/file/d/150R5mIxtHfin92QD4qeIHgG5lyzTNGw1/view?usp=drivesdk
678.mp3,https://drive.google.com/file/d/1XzKw0HJnsM7WiYcoJptxyFipBm7joNpG/view?usp=drivesdk
679.mp3,https://drive.google.com/file/d/1d1skL2CCc33VjTEiGoMcxkZ5u89sHeNd/view?usp=drivesdk
680.mp3,https://drive.google.com/file/d/1wnE8KEQlQfh-sOpkuyznVOjHTK0DOW3T/view?usp=drivesdk
681.mp3,https://drive.google.com/file/d/1BRCNtnkpjqsNIYeTeR__g96TFZ9SI5ka/view?usp=drivesdk
682.mp3,https://drive.google.com/file/d/1Mx-K1iJvCJiIc_bsJI1ebtn_1D62bR5s/view?usp=drivesdk
683.mp3,https://drive.google.com/file/d/1EJNE9wxuuSUF8EeUxMeiRHcpNXIRvAzi/view?usp=drivesdk
684.mp3,https://drive.google.com/file/d/19SAfI4Tet1qZ8x_F1323ytcwJe1Zg_uz/view?usp=drivesdk
685.mp3,https://drive.google.com/file/d/1I-LmvYhhcV2t0b_3CdR50ANo87intvNd/view?usp=drivesdk
686.mp3,https://drive.google.com/file/d/1ssaM6-kQyBWGwJBH0AoaMGbiEVv9htp2/view?usp=drivesdk
687.mp3,https://drive.google.com/file/d/1H7WdaeqnvH0TwwwBB6GhQD9a8MiibJql/view?usp=drivesdk
688.mp3,https://drive.google.com/file/d/1CLYexoFdo_bNYkq6J1Y13gX2pBx6NUvr/view?usp=drivesdk
689.mp3,https://drive.google.com/file/d/1klNUpwfdj3afAjMXODfKmdxjbgr0vyTD/view?usp=drivesdk
690.mp3,https://drive.google.com/file/d/1y-9Zo8o5vwA5Os_5b7MC4jkumKnXgJnz/view?usp=drivesdk
691.mp3,https://drive.google.com/file/d/1nYEUq84L8aHJSDgpW2kmJtoLdVTNUK3d/view?usp=drivesdk
692.mp3,https://drive.google.com/file/d/1ze_dd30NqAlwCc6AvGhz14akF84oYplh/view?usp=drivesdk
693.mp3,https://drive.google.com/file/d/11MPUeNChT0DxnBdrdBbrbRy0pgY-7W2P/view?usp=drivesdk
694.mp3,https://drive.google.com/file/d/1jqnIM_OuX3QEABlpcNaMzvYnnRU1USsP/view?usp=drivesdk
695.mp3,https://drive.google.com/file/d/1gfzNuxRGxHu0QPg0Uo3oqV-zt3fBiKJW/view?usp=drivesdk
696.mp3,https://drive.google.com/file/d/1k66BX5dmriu41cCVCXEth0tTyQujsLHc/view?usp=drivesdk
697.mp3,https://drive.google.com/file/d/1Lh27DL72nzKuNX3pTFy_RT0C6KDgCq8U/view?usp=drivesdk
698.mp3,https://drive.google.com/file/d/1ZE4nyuHFQLiM_F_4qh0phzqMFrCgC3vi/view?usp=drivesdk
699.mp3,https://drive.google.com/file/d/1yW2vRt1u6C9YPdU3gdpBZYua8y59cclN/view?usp=drivesdk
700.mp3,https://drive.google.com/file/d/1bQmH7jeyYFty3wKTd8oJh7SDyVvtw_QG/view?usp=drivesdk
701.mp3,https://drive.google.com/file/d/1dBq1ublX1Y_OORuN0JYFcvEb01yKjrW7/view?usp=drivesdk
702.mp3,https://drive.google.com/file/d/1fKZLl-Mor610Kt3YnGDszK2ZTmsMMdf7/view?usp=drivesdk
703.mp3,https://drive.google.com/file/d/1gYOjO2bbNfmBzNxOrNVFBs1KjSH-IryM/view?usp=drivesdk
704.mp3,https://drive.google.com/file/d/1R3QM2wdCn5FFOc5-_NGv5Vhwpha1EzMH/view?usp=drivesdk
705.mp3,https://drive.google.com/file/d/1H04MlDIFd6bWfw2GhZdBBvM3zMXVuwmP/view?usp=drivesdk
706.mp3,https://drive.google.com/file/d/1jKDqxdxWZAk1UuKESALJ5r2uz7N1KW8B/view?usp=drivesdk
707.mp3,https://drive.google.com/file/d/1b68boSyL0Ywpm4m2mg_129geaG4uJCkm/view?usp=drivesdk
708.mp3,https://drive.google.com/file/d/1AUQMLw4T7xe2NdoElZYdX9m-rDpfVMln/view?usp=drivesdk
709.mp3,https://drive.google.com/file/d/1d4dvErvMg0cjFpBfnKTyBAlt3nyrTP6F/view?usp=drivesdk
710.mp3,https://drive.google.com/file/d/1AA_IN5oTAXQU8cX4HXBGjoLVj1SLp5GG/view?usp=drivesdk
711.mp3,https://drive.google.com/file/d/1OropYLN9ANK8nPYImBwVSBxVOOhgt1Fv/view?usp=drivesdk
712.mp3,https://drive.google.com/file/d/1gx70tfxknWb9T63i-hQ4IwXt8L7TcKe2/view?usp=drivesdk
713.mp3,https://drive.google.com/file/d/1lZ1hUUPcrbYUg2nARhtbUkOQW3t7_fRF/view?usp=drivesdk
714.mp3,https://drive.google.com/file/d/1HZZybjacePcCKZOZOMSV3IAiSWKfOl0p/view?usp=drivesdk
715.mp3,https://drive.google.com/file/d/1M6CEOZpLntiy6Nga7ocznUtWwXUVZTVC/view?usp=drivesdk
716.mp3,https://drive.google.com/file/d/1FtRezZxBp5NxWSIGmhLXfHpPBMrmEygU/view?usp=drivesdk
717.mp3,https://drive.google.com/file/d/1YQmhwjocFQVYU5tMOdBkyB4Uc_VmEXyD/view?usp=drivesdk
718.mp3,https://drive.google.com/file/d/1orLfkK9sCtA2Q3i3T5my2de8gbkKwy7_/view?usp=drivesdk
719.mp3,https://drive.google.com/file/d/1MlCCM8RtGAFr2o0Wxx3h96I8V1uH_fe5/view?usp=drivesdk
720.mp3,https://drive.google.com/file/d/1I0N8PftBkoOYb9CynUhlK-qFdSMoU-Tf/view?usp=drivesdk
721.mp3,https://drive.google.com/file/d/1vo69DxVPkLfAMcsxjEWXCYZkypwCZ_Tc/view?usp=drivesdk
722.mp3,https://drive.google.com/file/d/157Z2M_SgsGFHD1GCJfhmCn2Clgmmg9_O/view?usp=drivesdk
723.mp3,https://drive.google.com/file/d/1nxOV130z2POfdmhVPBOYEodacjxi2I8S/view?usp=drivesdk
724.mp3,https://drive.google.com/file/d/1uqnJfwGmicAtSgSPB5UiZN6RYZx8R8TD/view?usp=drivesdk
725.mp3,https://drive.google.com/file/d/1gRhO4W9Uu3T38YW1goS7QS3ekD_XXKWe/view?usp=drivesdk
726.mp3,https://drive.google.com/file/d/1AV4Fl-1qlhvlQbBYFv7tP4vnmRD7NnMI/view?usp=drivesdk
727.mp3,https://drive.google.com/file/d/1MyYq5trNvmmsUOc848PI7qLHTqLVQObN/view?usp=drivesdk
728.mp3,https://drive.google.com/file/d/1mUCGDsMGLnA6H7uVPaqlyYGRBsgEh7vv/view?usp=drivesdk
729.mp3,https://drive.google.com/file/d/1LZAuuBz_ZENvrAIJ9O_McWRkUEAvAQfo/view?usp=drivesdk
730.mp3,https://drive.google.com/file/d/17TcC3J_0Hp34nPIHkQgqpkJXEd5V68Yh/view?usp=drivesdk
731.mp3,https://drive.google.com/file/d/1WSNGiI5zsrVEucKfMaAu_db7ZfS6t2hG/view?usp=drivesdk
732.mp3,https://drive.google.com/file/d/12Zk7dR-B5nEqpk_V43k-HyvcGCv3ifA7/view?usp=drivesdk
733.mp3,https://drive.google.com/file/d/10AQI8E0tS_njXfGD8MiAetsNEiqKB_lq/view?usp=drivesdk
734.mp3,https://drive.google.com/file/d/1h5opYPcIY15KWTTuP5zwqRO6YaePbhf6/view?usp=drivesdk
735.mp3,https://drive.google.com/file/d/1_4X4XCEDcISOYZM0Rvm9QS3lhamv2QG_/view?usp=drivesdk
736.mp3,https://drive.google.com/file/d/1g_yK379n00fj8xYx6gKWRc5CQfnj2iac/view?usp=drivesdk
737.mp3,https://drive.google.com/file/d/1E2EMTMppsEcfINSm8gBdED3pJILtyKXI/view?usp=drivesdk
738.mp3,https://drive.google.com/file/d/18-1Lf-c-IGZZGv13evSUE7Edv8MNFrM3/view?usp=drivesdk
739.mp3,https://drive.google.com/file/d/1YH1Gjb8P4fYn8PzOyKzce_jLDSeFiCwX/view?usp=drivesdk
740.mp3,https://drive.google.com/file/d/1WpvBXNlC1HrhWNSPOOhwVh6_Ew-bkaCJ/view?usp=drivesdk
741.mp3,https://drive.google.com/file/d/1OmR0qtaBcJDQPF8qEdqQ4mcNIxJG7hLG/view?usp=drivesdk
742.mp3,https://drive.google.com/file/d/1oG1gTALIRvwmbhlzT4KF_37oKlFCqLHh/view?usp=drivesdk
743.mp3,https://drive.google.com/file/d/1AQNA3W6MudBGKctpsyJVjjGOT7k5qXJx/view?usp=drivesdk
744.mp3,https://drive.google.com/file/d/1HxvXgwvqhMuwoogNftN-WW7IxccWYRr4/view?usp=drivesdk
745.mp3,https://drive.google.com/file/d/1xfqm4-LvK4rdqvttorxxprkC-3XECc1J/view?usp=drivesdk
746.mp3,https://drive.google.com/file/d/1k2cM2ZLGCQDq6Y_arB6Y9vpKPwP3MK2x/view?usp=drivesdk
747.mp3,https://drive.google.com/file/d/1ZElrMlzBMmBsKO_zsLqsUHnQSZz7OGc4/view?usp=drivesdk
748.mp3,https://drive.google.com/file/d/1-YKblrVKMCUie0WTkVBC1QlLI5mJf85b/view?usp=drivesdk
749.mp3,https://drive.google.com/file/d/1Gvpvyfmui6AAlCvLnla8bogd71rPi3Si/view?usp=drivesdk
750.mp3,https://drive.google.com/file/d/1dvFFnjzg21p1C_UjDdL9cMp_Acr8Nrj_/view?usp=drivesdk
751.mp3,https://drive.google.com/file/d/1W9VQWAbRwz_SKYlVVyyVtynm1TS5rls7/view?usp=drivesdk
752.mp3,https://drive.google.com/file/d/10xhlicsYgFR6DuR46DOnZnKKE1zuQaJ9/view?usp=drivesdk
753.mp3,https://drive.google.com/file/d/1FHcns5vXt-ZYM7gQMVbtZfw-JyPZId4n/view?usp=drivesdk
754.mp3,https://drive.google.com/file/d/1T7QHbci1MYWBHNiL1nmdOO1R7f1kbXhG/view?usp=drivesdk
755.mp3,https://drive.google.com/file/d/1pAfYdRkwVtHZSl26jStHPKoc7zcYUTd8/view?usp=drivesdk
756.mp3,https://drive.google.com/file/d/1PyJn4Ylts9ynToQIPiflJQVAjsZGZaPw/view?usp=drivesdk
757.mp3,https://drive.google.com/file/d/1OQxpJZlncCRxNcig6xqiQbZg2pbNXI7P/view?usp=drivesdk
758.mp3,https://drive.google.com/file/d/1zrkd1W0FWAWlE27jpDMWzduOGCZccINr/view?usp=drivesdk
759.mp3,https://drive.google.com/file/d/1qCFQBm21B8LOpzJ4ZKzAzwphZJK2v2h6/view?usp=drivesdk
760.mp3,https://drive.google.com/file/d/1NajKYlWN8_3I3lXg1qEOJrvkS5GUt0ZU/view?usp=drivesdk
761.mp3,https://drive.google.com/file/d/1dkBT0JFs8aPG5CPThkAoN-HOsjRhPeKt/view?usp=drivesdk
762.mp3,https://drive.google.com/file/d/1rJXeyWfbI6nTwgUTYc_K0uLJIgiPR-TS/view?usp=drivesdk
763.mp3,https://drive.google.com/file/d/1puyEvTkIf0GEuAvfzQ6hUIfo-XYVYzx6/view?usp=drivesdk
764.mp3,https://drive.google.com/file/d/1Ywzzgq0C1U3bPIzWwh9vpBYJWcR0nSVU/view?usp=drivesdk
765.mp3,https://drive.google.com/file/d/1wzX4dkLTP-_mrG_VL28PGRMGhGFjfVMq/view?usp=drivesdk
766.mp3,https://drive.google.com/file/d/1HYZrrwVkvWN1sYSHjVpGWyMgHqEkSyK-/view?usp=drivesdk
767.mp3,https://drive.google.com/file/d/1WddkLbpTlr5bZ2K6QT_QfEnUsoZZCGl1/view?usp=drivesdk
768.mp3,https://drive.google.com/file/d/1QuL9cfmWp7IWFkPRz_oVsjZ86owDQbm0/view?usp=drivesdk
769.mp3,https://drive.google.com/file/d/16xJbw6JjEvKd1of805SIFtoVMBtKd4PF/view?usp=drivesdk
770.mp3,https://drive.google.com/file/d/17JIdNEZnm-PSkTWZ1ZQjQj601Hk7ANsG/view?usp=drivesdk
771.mp3,https://drive.google.com/file/d/16Sq8KSyiChIKSYTWZBtiVQkNLo4imq7L/view?usp=drivesdk
772.mp3,https://drive.google.com/file/d/1H2BeKGnxrcqnma4EQdtpcVYUkgUcRURi/view?usp=drivesdk
773.mp3,https://drive.google.com/file/d/1dVmTppKqSw-8zoQUff4wyAOt7feKjJhz/view?usp=drivesdk
774.mp3,https://drive.google.com/file/d/1ykzEurUnspzNaqvWFiunslvj1GmxiQTB/view?usp=drivesdk
775.mp3,https://drive.google.com/file/d/1FpbulEQDCmhy0ppEtGr98aa0Hs0AxbBb/view?usp=drivesdk
776.mp3,https://drive.google.com/file/d/14UKZ3MbO86Wn8tfR-QTrzuxwUXb5wjDg/view?usp=drivesdk
777.mp3,https://drive.google.com/file/d/1-w78UssjB92djIOgq4aHwCUPB7O5igIT/view?usp=drivesdk
778.mp3,https://drive.google.com/file/d/1KKjqgGyMUpKDPOPZ2R-6okR4Td5v776d/view?usp=drivesdk
779.mp3,https://drive.google.com/file/d/1umd2bBY9nRIolUmbgYAbkBWLSy6xEwga/view?usp=drivesdk
780.mp3,https://drive.google.com/file/d/1SsvaT12NHsdT1Ds_flVaKBPjWSWdU5D9/view?usp=drivesdk
781.mp3,https://drive.google.com/file/d/1XFrDmeVQXn0KcfDVcyL7rYdKcgdniAmw/view?usp=drivesdk
782.mp3,https://drive.google.com/file/d/1XIbaSGje8uFG6dW4Qn0uOO8ZuY2gn60n/view?usp=drivesdk
783.mp3,https://drive.google.com/file/d/1cfknDo0BMveepy9thSz02VxVfHejXA5a/view?usp=drivesdk
784.mp3,https://drive.google.com/file/d/1uZwagwMgLWZCynFp4dtwe3emBYTngeWO/view?usp=drivesdk
785.mp3,https://drive.google.com/file/d/1TB-4aDDp87yBp6SJsxMa2smdoXhVAUqH/view?usp=drivesdk
786.mp3,https://drive.google.com/file/d/1Afqh2EEXrZzlsTd_YmaMKXGuhv56ROHj/view?usp=drivesdk
787.mp3,https://drive.google.com/file/d/1x1wgIgng2rtXybAQk69_1c_ZVdJs92G-/view?usp=drivesdk
788.mp3,https://drive.google.com/file/d/1DALv25NxsWIZlA5zrBx26Aat__609fHr/view?usp=drivesdk
789.mp3,https://drive.google.com/file/d/1CxRBJkwJaukDDqsoEAHkI7_oXF_IsHH8/view?usp=drivesdk
790.mp3,https://drive.google.com/file/d/1y2VzmwHWGpcUdX9uptGvO0xgv-qvuTgi/view?usp=drivesdk
791.mp3,https://drive.google.com/file/d/1EPzUWaZw2ITQSWzmSK_kCi44aw-q1urM/view?usp=drivesdk
792.mp3,https://drive.google.com/file/d/1hsKHYZIGBv93aDOcWrl3RIDgXHgVW5lE/view?usp=drivesdk
793.mp3,https://drive.google.com/file/d/1HOVzknh3KHaoXGZKo2prw8ciZYoRXxwm/view?usp=drivesdk
794.mp3,https://drive.google.com/file/d/1z0BmUPvVXpghV1j9KkVYEH0IItbeKqCW/view?usp=drivesdk
795.mp3,https://drive.google.com/file/d/1hOct3XtFXatqFDjzW9POhXNd69JHRoBg/view?usp=drivesdk
796.mp3,https://drive.google.com/file/d/14Es7IvJkiba3qLb63ctgnzqDrLeENdCd/view?usp=drivesdk
797.mp3,https://drive.google.com/file/d/1gDO0G4Q2cK7lQ2x0l5FglSyfWhWMD0Dp/view?usp=drivesdk
798.mp3,https://drive.google.com/file/d/1R0kxsxtBPKbDxG4HydZtUq_6sDvlfeuQ/view?usp=drivesdk
799.mp3,https://drive.google.com/file/d/1N_NoZw_8ThFAYSml3elZQkZ5zVgUwKKG/view?usp=drivesdk
800.mp3,https://drive.google.com/file/d/1G9RJLvOaXefhD4evUPkh9AFTxXtiThjM/view?usp=drivesdk
801.mp3,https://drive.google.com/file/d/1MqMCIT09t8NBtPu4JixWSadwO93SP4BU/view?usp=drivesdk
802.mp3,https://drive.google.com/file/d/1vAfEqsTcnR8MIAoH9InsesAPjL8uKlBl/view?usp=drivesdk
803.mp3,https://drive.google.com/file/d/1RW0tp7Oari_R_KadJXlhZnOw2Agnf4IN/view?usp=drivesdk
804.mp3,https://drive.google.com/file/d/1mpUM3vfv0EWjacx1CFRXinNti-xC29dY/view?usp=drivesdk
805.mp3,https://drive.google.com/file/d/1LG0SG8YnTJBOIouDpXi-lRtRKsIkeBKz/view?usp=drivesdk
806.mp3,https://drive.google.com/file/d/1dA2ama5ct4XGBzndt_2xZHVZUdGYweXC/view?usp=drivesdk
807.mp3,https://drive.google.com/file/d/1iDDXOLMMPGb1o7g2yrRchH8P5LTzYx8C/view?usp=drivesdk
808.mp3,https://drive.google.com/file/d/1rWqZiFbe5RZYzMBT9r4s85Qrg9x6H2s2/view?usp=drivesdk
809.mp3,https://drive.google.com/file/d/10vqq5ary0zzbfPSnc_GQMt08a_5qZ7g3/view?usp=drivesdk
810.mp3,https://drive.google.com/file/d/1ijf1X7aL4it6qTNGjiTQ7ejDP-M8w41a/view?usp=drivesdk
811.mp3,https://drive.google.com/file/d/1OZNQ5B1lGimm_IDiScj05uLpfvJFupU_/view?usp=drivesdk
812.mp3,https://drive.google.com/file/d/1aKYdopKH96jufU1caOLKcf9AY2f3Arw6/view?usp=drivesdk
813.mp3,https://drive.google.com/file/d/17aEGSZVIZZ9V3FFhYlK26HQ3lc_FoP1t/view?usp=drivesdk
814.mp3,https://drive.google.com/file/d/1jwET2DLE-enuooNRUUND6Ll19FE4MiPL/view?usp=drivesdk
815.mp3,https://drive.google.com/file/d/1LvHPVKkXFzOq_eJvIPnI_FuuyJhl56OK/view?usp=drivesdk
816.mp3,https://drive.google.com/file/d/1CeGJMwlIVFBrpCo4LxmHNdzpAIuCJ5sb/view?usp=drivesdk
817.mp3,https://drive.google.com/file/d/1yNu2fpEWIWVZO5A6fe2d2COwz7szROCP/view?usp=drivesdk
818.mp3,https://drive.google.com/file/d/1Mu60Hrq4v7V0yELcqS0l4Y2J-1SKxTNy/view?usp=drivesdk
819.mp3,https://drive.google.com/file/d/1jFVvC1kpJcLCcr5Vezq1ennqR-NarjS3/view?usp=drivesdk
820.mp3,https://drive.google.com/file/d/1Rf0HPRYCjhBCJ3-2cqbPw4WC8UB_I-Lk/view?usp=drivesdk
821.mp3,https://drive.google.com/file/d/1TaFFpyZ4B7V2wKMfZkhthKJmcqxYqPG3/view?usp=drivesdk
822.mp3,https://drive.google.com/file/d/1l2Jrs8ERyBOY4EQfuf2OS9fG28AjBq7O/view?usp=drivesdk
823.mp3,https://drive.google.com/file/d/1KiWD_uJ_CqK25D75KqXArCnoysXrejeg/view?usp=drivesdk
824.mp3,https://drive.google.com/file/d/1v65wtXoT8R-l8AN6K90DBRWz4eXBRGki/view?usp=drivesdk
825.mp3,https://drive.google.com/file/d/1o4bzvrDRjHlzlcpAVpxMPlkGhoSZDbKl/view?usp=drivesdk
826.mp3,https://drive.google.com/file/d/1HiNX5oGMbG5VmLnJhsA_zkq6pFfxuirX/view?usp=drivesdk
827.mp3,https://drive.google.com/file/d/1TPmhMlF0GGhIDet1QK2LXkz7qA5UqLtF/view?usp=drivesdk
828.mp3,https://drive.google.com/file/d/1wJYmOHZ8BF1yE_mq7bD2vFCbjqhWDEin/view?usp=drivesdk
829.mp3,https://drive.google.com/file/d/1WO-DvQD_MblYHmfOox9KQFnJP01mh9EZ/view?usp=drivesdk
830.mp3,https://drive.google.com/file/d/1rYwCumidEkMmmp0b_7WFuQuQNa3qSYBv/view?usp=drivesdk
831.mp3,https://drive.google.com/file/d/18zLJ3k-hGWqsJfETh4sDEvxUVl7SuS6S/view?usp=drivesdk
832.mp3,https://drive.google.com/file/d/1HvE0B_9BpzQnYN6MXOqmd0ntMWCztTnU/view?usp=drivesdk
833.mp3,https://drive.google.com/file/d/17Lc0MTq7BDdE0GHbOo-qSNwW_0fh5q9S/view?usp=drivesdk
834.mp3,https://drive.google.com/file/d/1K5s1gG4UxOaAW-G-inBeqNzB8zTk4zMP/view?usp=drivesdk
835.mp3,https://drive.google.com/file/d/1T9KhlyNW02cdjcCtr8DaxzxdFkYUjs4h/view?usp=drivesdk
836.mp3,https://drive.google.com/file/d/1Ytv_TeAHelXusP7nAuvRJUeWooUBLDyk/view?usp=drivesdk
837.mp3,https://drive.google.com/file/d/1amcoJapYQ9JCRy8YoRssvHyiKglr8CuL/view?usp=drivesdk
838.mp3,https://drive.google.com/file/d/14IceKTF8BxHTM7qrXxBuAHsRsScrxdyA/view?usp=drivesdk
839.mp3,https://drive.google.com/file/d/1PtlqG9oYNjGRYxwQ6baVJ5QOJ94s0iic/view?usp=drivesdk
840.mp3,https://drive.google.com/file/d/1-AvkcUcOJTyQ3_MxGI38oFOKpXlsDSp3/view?usp=drivesdk
841.mp3,https://drive.google.com/file/d/1gg30R5mnqr1Y8wj_ZAAeyCmegkyZ5srb/view?usp=drivesdk
842.mp3,https://drive.google.com/file/d/1PmP6J9by2rb6IljJcMA0vfOhyTwTt-xZ/view?usp=drivesdk
843.mp3,https://drive.google.com/file/d/1dMxuDlyfsVDYGhkFfWL54K06kW9ebQxt/view?usp=drivesdk
844.mp3,https://drive.google.com/file/d/1zLTO9VdqD_pcj6GTrMaaXZqyfOcPMZ7Z/view?usp=drivesdk
845.mp3,https://drive.google.com/file/d/1zzrrx3F6xgTPqjltpdCfsDmfB5zCHvDA/view?usp=drivesdk
846.mp3,https://drive.google.com/file/d/1M4P5yjuHAUsLY8rAc8olSpMr-ppxXU6u/view?usp=drivesdk
847.mp3,https://drive.google.com/file/d/1SsWp0NnLToAbou9LILLPE9Ee_XMlHdPw/view?usp=drivesdk
848.mp3,https://drive.google.com/file/d/1iFv_kSSY_Jeil-tw5c7szvjErRMXBeKG/view?usp=drivesdk
849.mp3,https://drive.google.com/file/d/115DagJwBTsX2xTs7C73ZA1Y-VzbtuEnM/view?usp=drivesdk
850.mp3,https://drive.google.com/file/d/1QNz750YHEJEjEApv54fQEBwqTtuW_Z8m/view?usp=drivesdk
851.mp3,https://drive.google.com/file/d/1XNu8hPDTI0_q7bC827sGbFE3-CmpEJlr/view?usp=drivesdk
852.mp3,https://drive.google.com/file/d/1-2dBFMo52VZvsrTOUeggjXg5ghIAug26/view?usp=drivesdk
853.mp3,https://drive.google.com/file/d/1G1L6TzcpQVklZytbVNkqjjxwIjCCemlj/view?usp=drivesdk
854.mp3,https://drive.google.com/file/d/122Q4edh78aSYmNijEV9qxOg9IOpBK_fr/view?usp=drivesdk
855.mp3,https://drive.google.com/file/d/1b7Xuc31Atx_uXIkiHLz0nF3oIpFPASkw/view?usp=drivesdk
856.mp3,https://drive.google.com/file/d/1xOFGU941z_H8_bCwuw7whv8d2r9ojuSU/view?usp=drivesdk
857.mp3,https://drive.google.com/file/d/1LMoxnLzcabOGio2ZKx4KSGe_-TuokZHX/view?usp=drivesdk
858.mp3,https://drive.google.com/file/d/1i1tLfYpUJgPid8T6y0k-Nu2yrnvV5klu/view?usp=drivesdk
859.mp3,https://drive.google.com/file/d/15tp9SubsfqzdftwQTMvTENqoGoLxq24_/view?usp=drivesdk
860.mp3,https://drive.google.com/file/d/1xGuIgWUfqRbaNImLchDLXJ0m8c8EFDY0/view?usp=drivesdk
861.mp3,https://drive.google.com/file/d/1uPVhLFzyrtYshNg7lqYgAqJoRsivMWlG/view?usp=drivesdk
862.mp3,https://drive.google.com/file/d/19AA601_m6rUYCXvuSaAxclxhhePh0V3J/view?usp=drivesdk
863.mp3,https://drive.google.com/file/d/1lzNx6z2j5gfHoQ4dFI2XGSwpSlgL0xT1/view?usp=drivesdk
864.mp3,https://drive.google.com/file/d/1cLWIciM9up6IhZXjNmgwpnrLbSBcP_bK/view?usp=drivesdk
865.mp3,https://drive.google.com/file/d/1w_G3TS4gG5j620hGYgHnLcivJLb7qELf/view?usp=drivesdk
866.mp3,https://drive.google.com/file/d/1NriQ1YP__w1Ose0-nU38FsQfc8twIfeh/view?usp=drivesdk
867.mp3,https://drive.google.com/file/d/1_FALtkKYgmrTGBqrVHei-OABDeD8klmb/view?usp=drivesdk
868.mp3,https://drive.google.com/file/d/1LMgt55V_pzVrKeVPXsxU6e-nHrPIlzB5/view?usp=drivesdk
869.mp3,https://drive.google.com/file/d/1-LQHbIzOOmOmGWWyfkPYQ9gDUsQlJJnl/view?usp=drivesdk
870.mp3,https://drive.google.com/file/d/1kAH9nID5qyGZhWJJm7B92Aa0iV_U9mG7/view?usp=drivesdk
871.mp3,https://drive.google.com/file/d/1Bfhb06Fod3ye11BVYM-Aa4c5lerx7NHf/view?usp=drivesdk
872.mp3,https://drive.google.com/file/d/1l5Bw7enijca1rtYRVLot5Odnm7yhfwar/view?usp=drivesdk
873.mp3,https://drive.google.com/file/d/1HIGm2_xzbV9VygZOGxmFMTWhZqqluB_-/view?usp=drivesdk
874.mp3,https://drive.google.com/file/d/1-OsSOLhl3rHeob9oi7QScRS-4p4eCimg/view?usp=drivesdk
875.mp3,https://drive.google.com/file/d/1A3D_KeBtUd8-E1q3nE9fXIDe_kZkX3It/view?usp=drivesdk
876.mp3,https://drive.google.com/file/d/13JjPUGrw4e0XahQ90vvmF0isxmXTK5T2/view?usp=drivesdk
877.mp3,https://drive.google.com/file/d/18AOpa6ashiY2JKmpOsEx55FeOKHd6Pt5/view?usp=drivesdk
878.mp3,https://drive.google.com/file/d/1FCuj9lFil4iM6HjuVoFmaTE_KIVlXUz1/view?usp=drivesdk
879.mp3,https://drive.google.com/file/d/1rcTKwqpUygYt4taKCIigWlSTcsbKDAko/view?usp=drivesdk
880.mp3,https://drive.google.com/file/d/1DScV5fMAnENVD6YL4JMt3V8HdB10UvAT/view?usp=drivesdk
881.mp3,https://drive.google.com/file/d/1r-73W5FUfitOAJt_DZ-Y-iGGJsakLHur/view?usp=drivesdk
882.mp3,https://drive.google.com/file/d/1FBbdBmy_Fm0pTkkrh7TqaXyQ9AQ0FnQJ/view?usp=drivesdk
883.mp3,https://drive.google.com/file/d/1MZ1ObIg0wnqXkhs-sWKqeY_6MfjZRKm9/view?usp=drivesdk
884.mp3,https://drive.google.com/file/d/17za2-iVYdXZ2zs13vM8I8V5XfPPPTF2G/view?usp=drivesdk
885.mp3,https://drive.google.com/file/d/1P9YrBjzBVuxvuV56mrxPJs9iOFTcpm6j/view?usp=drivesdk
886.mp3,https://drive.google.com/file/d/1GdLQYrZgI3su0ZBbbBnE_EMkzOWt0s-6/view?usp=drivesdk
887.mp3,https://drive.google.com/file/d/1dhlfF5r-nO6CgfWp7DK5akqGQSq2qNHM/view?usp=drivesdk
888.mp3,https://drive.google.com/file/d/1ayeZnyVqupCembyXUpJlDWpZ5hEqltkX/view?usp=drivesdk
889.mp3,https://drive.google.com/file/d/1VjhrQabRPjbEfpi69Is9FhK91zGmN64-/view?usp=drivesdk
890.mp3,https://drive.google.com/file/d/14_-wDxbVU6_qn2R3WglRMclclI05UZ63/view?usp=drivesdk
891.mp3,https://drive.google.com/file/d/1uwmep2A50peLapI0PRTqwiDMOGljpHmx/view?usp=drivesdk
892.mp3,https://drive.google.com/file/d/11IR7BMRQnitagLzL_J2HZi6i1ll_P86T/view?usp=drivesdk
893.mp3,https://drive.google.com/file/d/13AEydtK-Vs1QPBUgn6W9uik9R2rYqvjQ/view?usp=drivesdk
894.mp3,https://drive.google.com/file/d/1CRYrZDSdpO5vd23NNxt5v65646lo6Biq/view?usp=drivesdk
895.mp3,https://drive.google.com/file/d/1y_MzZkP5trPiSfddcJ4MmEBpbbOBoACQ/view?usp=drivesdk
896.mp3,https://drive.google.com/file/d/1sfMgAGMcCp-JkH2xv7FHv77T5XXpZ8Lm/view?usp=drivesdk
897.mp3,https://drive.google.com/file/d/1VaYJlcMMltok1P2oTe4jxTpgM0ch1Ut9/view?usp=drivesdk
898.mp3,https://drive.google.com/file/d/1wABJAyGCkJ2I3Eu7Dt7TVyuJTSTXuMTy/view?usp=drivesdk
899.mp3,https://drive.google.com/file/d/1WuwANZbzlMaV-SaHonkcQ9cbttUxFDfB/view?usp=drivesdk
900.mp3,https://drive.google.com/file/d/1SGFLsMoksHH5UVguodZ108L7kHvjjQCY/view?usp=drivesdk
901.mp3,https://drive.google.com/file/d/1kZpnTWmtrzdoXU2zv2Dr4jWgBA4xkb9_/view?usp=drivesdk
902.mp3,https://drive.google.com/file/d/1RF7SqSs9mzJT2KO9rW5LPN8utGNaFGsU/view?usp=drivesdk
903.mp3,https://drive.google.com/file/d/1v2rStn60Twfm7JuFfleMSGZR0ofo6GV6/view?usp=drivesdk
904.mp3,https://drive.google.com/file/d/1BQE-MjkKxoIK_jVq_xFlPP2l0O4ECOup/view?usp=drivesdk
905.mp3,https://drive.google.com/file/d/1VlAJazbVq8wIyPzFLzyfwujqzlY0J7ui/view?usp=drivesdk
906.mp3,https://drive.google.com/file/d/1Lhr5yUbQMHWD7UY09TnJl3OC-OTykQmz/view?usp=drivesdk
907.mp3,https://drive.google.com/file/d/11YYc1ruJYEphxOHligzP9KLGs6maGN3k/view?usp=drivesdk
908.mp3,https://drive.google.com/file/d/1H0acd0K9yYUkJzXF9kZCs4hhZF6NagtH/view?usp=drivesdk
909.mp3,https://drive.google.com/file/d/1393CQr60XhJADXkZlL0t3PVDYxkEiQOH/view?usp=drivesdk
910.mp3,https://drive.google.com/file/d/115YvPAlFiKFBiJNPqbdbSsbCbacgdt0r/view?usp=drivesdk
911.mp3,https://drive.google.com/file/d/1nQwCzqU82VllUJ9prc0Wt9AoMTmuAr3K/view?usp=drivesdk
912.mp3,https://drive.google.com/file/d/1KqYFWQznKa-sko-CY1JB5UZA9mURm5xV/view?usp=drivesdk
913.mp3,https://drive.google.com/file/d/1DsVmUdJwHvI2x8XS04n3mKeZV-VQ1GX8/view?usp=drivesdk
914.mp3,https://drive.google.com/file/d/1Mw4h7iLVbS14T1n8aZki95ewXV3P9fna/view?usp=drivesdk
915.mp3,https://drive.google.com/file/d/1kdS-AqCDqADR1-LVGZX2RWgJEncKg1ic/view?usp=drivesdk
916.mp3,https://drive.google.com/file/d/1dIBVdlh-_-k6d23Yx82z3d2MVwPfostm/view?usp=drivesdk
917.mp3,https://drive.google.com/file/d/1WwVPAdnEvlwA6WhCdubDkkXOVXxEHSNU/view?usp=drivesdk
918.mp3,https://drive.google.com/file/d/1RIXW3WvISB7CbXYKLnkz3ePYzzj-s_uj/view?usp=drivesdk
919.mp3,https://drive.google.com/file/d/1tiQW3S2XP5FMC2n8G19KPbiaKfm5U-54/view?usp=drivesdk
920.mp3,https://drive.google.com/file/d/1WN3YOo40X_1TUalH1uWkhOVO0OAGnno7/view?usp=drivesdk
921.mp3,https://drive.google.com/file/d/1b_O3wuxxYxt-aiSdf0Ey5-FDZpSBGS8I/view?usp=drivesdk
922.mp3,https://drive.google.com/file/d/1JM36l0xIl0cdq5UBrlmnpnCvbjBLFWs0/view?usp=drivesdk
923.mp3,https://drive.google.com/file/d/1HM-K2WNyeSfBLX6foRoOF53YCn_EI30Y/view?usp=drivesdk
924.mp3,https://drive.google.com/file/d/1hzmYDgaOWKWFUXja6BrZg_1IAHrR_tNY/view?usp=drivesdk
925.mp3,https://drive.google.com/file/d/17rdRGQVPHxhWTuS3p2JqpOkYSRoGfrNS/view?usp=drivesdk
926.mp3,https://drive.google.com/file/d/1iMF1VIj7lJClBh3EUBtJ9JgOwMPd0QV3/view?usp=drivesdk
927.mp3,https://drive.google.com/file/d/1wvGGyq8-dOdqXR4yYryE08h8DzO37nBZ/view?usp=drivesdk
928.mp3,https://drive.google.com/file/d/13An972Mq_ypf6NVhM52d5APrU8d7x5GF/view?usp=drivesdk
929.mp3,https://drive.google.com/file/d/1Nx4iPfGro0TwqM7HdAQoszWR3VnBCZrV/view?usp=drivesdk
930.mp3,https://drive.google.com/file/d/1mL4y4PEJQ25jRWDPq7IhDnrbh6odeb-h/view?usp=drivesdk
931.mp3,https://drive.google.com/file/d/1a8Zi_gkNsLUuWrdlQqJBuo0qN-nCw3iY/view?usp=drivesdk
932.mp3,https://drive.google.com/file/d/16a8QQo6ZSqsg5Pm7jm1X0Bm599TYZDOQ/view?usp=drivesdk
933.mp3,https://drive.google.com/file/d/1B6_pYvTuocoJAP-YxuDtFwd_hmeRDpxR/view?usp=drivesdk
934.mp3,https://drive.google.com/file/d/1GoV7FRbnChkU0yhTx-v7tQkY0uo5z3OC/view?usp=drivesdk
935.mp3,https://drive.google.com/file/d/166cHjtPThmuBH7-qlGXe8ra2pbCwdW4r/view?usp=drivesdk
936.mp3,https://drive.google.com/file/d/1TLzn64ZIw8PCltI22jzOsJBXmDKoc_Mu/view?usp=drivesdk
937.mp3,https://drive.google.com/file/d/1K0YNNXfLMiJhOSB4pnE73OYA2SxLejwS/view?usp=drivesdk
938.mp3,https://drive.google.com/file/d/1A-CaG-r4dF_23HjDwdWkMsezvZWixcnX/view?usp=drivesdk
939.mp3,https://drive.google.com/file/d/10I_p37CyFQziCD6tyVrc3L9lCXEEuvLI/view?usp=drivesdk
940.mp3,https://drive.google.com/file/d/1v_vh5LPbwAhQncivTChkamdkRSIj48zW/view?usp=drivesdk
941.mp3,https://drive.google.com/file/d/1lana_sJwjYWFfROnZRcRyx3oQvt7YGCq/view?usp=drivesdk
942.mp3,https://drive.google.com/file/d/15syMhdkJeY__3HCBWxfFhubX3m1UFXH9/view?usp=drivesdk
943.mp3,https://drive.google.com/file/d/13fkRtKw1dpZD10stCFFkQoyRxsbXi3qM/view?usp=drivesdk
944.mp3,https://drive.google.com/file/d/1iuC8YPBBmDAo2sW2eKfPjDGIFLBDn2Zw/view?usp=drivesdk
945.mp3,https://drive.google.com/file/d/1fqVQV3KfQl3GjsAQxmEEWIaslHCa4-23/view?usp=drivesdk
946.mp3,https://drive.google.com/file/d/16EqYr41QlQBlLD4YNHOQVytPLRtgciBd/view?usp=drivesdk
947.mp3,https://drive.google.com/file/d/1IIeMRzSDYaBxagpHta33uVvLOi2G_Js9/view?usp=drivesdk
948.mp3,https://drive.google.com/file/d/1fFKSzX_9rCgIC0Qo8BPWK8mGZ6Rp24t4/view?usp=drivesdk
949.mp3,https://drive.google.com/file/d/1ss4vDz0kegGf22RoVVNiHPOzkPW0P9S1/view?usp=drivesdk
950.mp3,https://drive.google.com/file/d/1WN7_-igJPIn6Z87WO7OseC9dVytHEotd/view?usp=drivesdk
951.mp3,https://drive.google.com/file/d/1RVtTKZ_mwddPFQwhHGeN2CcQpBSYvyoR/view?usp=drivesdk
952.mp3,https://drive.google.com/file/d/1EeAzzc2yVxbHzIkprLHP_AWTv0TlH_AJ/view?usp=drivesdk
953.mp3,https://drive.google.com/file/d/14oBFyNQZJ5tsMpZ9EAh3yJDr4hMM9CeF/view?usp=drivesdk
954.mp3,https://drive.google.com/file/d/1h62cxMlN6brKy8J_ofiFyJgLSMuS9jEc/view?usp=drivesdk
955.mp3,https://drive.google.com/file/d/1lFQI6qcBkmT7vIQ9gLfHUYJI1xknhtTV/view?usp=drivesdk
956.mp3,https://drive.google.com/file/d/1gtCVSclAHdK-HsUQBdNy3grd5vHIayS4/view?usp=drivesdk
957.mp3,https://drive.google.com/file/d/10gpOSJWUqI2IMSkGtq5-wLFu-_H6oOFf/view?usp=drivesdk
958.mp3,https://drive.google.com/file/d/1_EjZI6fKwSc_jreKfA5P_jA0ylaYwa5D/view?usp=drivesdk
959.mp3,https://drive.google.com/file/d/1RImcvriYhuGpvBCSq7HqDlSaGGd4lFGr/view?usp=drivesdk
960.mp3,https://drive.google.com/file/d/1V8miQgYNLKXz0oRK3VnT4kXn1pJZnaDd/view?usp=drivesdk
961.mp3,https://drive.google.com/file/d/1jULJ910iGZTPjmFiAgwooC7pdxBzZl8D/view?usp=drivesdk
962.mp3,https://drive.google.com/file/d/1K5JKGMyXSbW-PSSbrVZmojlLNI3RTyAC/view?usp=drivesdk
963.mp3,https://drive.google.com/file/d/1vgw5WnUK_r0loM_gl2hsUSQH6xeanVhP/view?usp=drivesdk
964.mp3,https://drive.google.com/file/d/1Ws6UvEGPB53q2pol3SFB8daGjlsYp-u9/view?usp=drivesdk
965.mp3,https://drive.google.com/file/d/1fTvkxg_jVVgUVY6vQp8RIVZ7JPIJ9vQ-/view?usp=drivesdk
966.mp3,https://drive.google.com/file/d/1uaEqnGnSIXRNm10VvrZqJfOa3IRKPqmY/view?usp=drivesdk
967.mp3,https://drive.google.com/file/d/1StzgPH3VitwpzZj0caGeP87IL7fakqtt/view?usp=drivesdk
968.mp3,https://drive.google.com/file/d/1IOHDvW1LEVkALa_bAI2RdWT6eHYfXGYo/view?usp=drivesdk
969.mp3,https://drive.google.com/file/d/1ho30S2VZtuDWHu-5rV6huli3Iy_4Qu-N/view?usp=drivesdk
970.mp3,https://drive.google.com/file/d/1qDBawuL8nl2huIjYGXWwGwCKi0086aco/view?usp=drivesdk
971.mp3,https://drive.google.com/file/d/1Hz19jsdJopCceuTIVa6XjYmI7J0DZi-w/view?usp=drivesdk
972.mp3,https://drive.google.com/file/d/1bm4PXRegRmf-CEnqhkdk4xr0t_wk-h_l/view?usp=drivesdk
973.mp3,https://drive.google.com/file/d/15kmRHSf7_hPxqeQ6c6hUI0W_g9OlOh5C/view?usp=drivesdk
974.mp3,https://drive.google.com/file/d/11f5xr6qIv1RjrBZE0PqVQqHVZM8gdgWV/view?usp=drivesdk
975.mp3,https://drive.google.com/file/d/1la_1_GeAaBZi7m0ZYN3QsQkItV8aKoV1/view?usp=drivesdk
976.mp3,https://drive.google.com/file/d/15PDhOQ35-6H_nwu3Ykr6XTiH79pu3Eye/view?usp=drivesdk
977.mp3,https://drive.google.com/file/d/11tRM3GI-h7uHEKfAxUZgk4uuf5bqt6ce/view?usp=drivesdk
978.mp3,https://drive.google.com/file/d/1Ul8je75IrjhKxSQr2vwFTlLRIdWHkNJO/view?usp=drivesdk
979.mp3,https://drive.google.com/file/d/1nSiECqDBGw6Y56CAMsze6oyZrcDv_U0T/view?usp=drivesdk
980.mp3,https://drive.google.com/file/d/16UO6fuj7MFQUGVUh7YGngA3WF2G7TOLB/view?usp=drivesdk
981.mp3,https://drive.google.com/file/d/1Dw4YNqXx93vr0oTN9UvQSuA9uhQ_FCJk/view?usp=drivesdk
982.mp3,https://drive.google.com/file/d/1scK04HlzWC35hbNasoKHfkK_-c4KdyvC/view?usp=drivesdk
983.mp3,https://drive.google.com/file/d/1UzC7G3DQJsrugL0Y-2oBxFU5gcbhYk1K/view?usp=drivesdk
984.mp3,https://drive.google.com/file/d/1pi1KvFg6mL8AwmLU7uJvkbSjqeZuLj1h/view?usp=drivesdk
985.mp3,https://drive.google.com/file/d/1_XoebbSuktIHCTXfxFkRks3Ilo8jr1PH/view?usp=drivesdk
986.mp3,https://drive.google.com/file/d/1YDpg_3BORa7HmIaWgiOiGhtMqhgIr3ZZ/view?usp=drivesdk
987.mp3,https://drive.google.com/file/d/1Wo8BK02QR6tdo0ui9xU4LUpY_todAktU/view?usp=drivesdk
988.mp3,https://drive.google.com/file/d/1aEICT_hXR1ztZ5KYEGFMjeBfnBzpZdZ3/view?usp=drivesdk
989.mp3,https://drive.google.com/file/d/1ZyTPTMuydevdORRsUSPJl43gTn3rjP42/view?usp=drivesdk
990.mp3,https://drive.google.com/file/d/18OAyCYIcy2Ts04Q_QtEoBY5wnGDRDVaV/view?usp=drivesdk
991.mp3,https://drive.google.com/file/d/1CvMpc_8hPCnq7JbWQI0VNpHERLUP199c/view?usp=drivesdk
992.mp3,https://drive.google.com/file/d/1a6nxnDHYO1Y7fFpN-t5eRd8tsxPCzvUh/view?usp=drivesdk
993.mp3,https://drive.google.com/file/d/1NMKyssFnh3PYM2dz1q3wW6O0M5addLry/view?usp=drivesdk
994.mp3,https://drive.google.com/file/d/1eopnWZskz7aYEVXFYKl6vdqoJHifejwX/view?usp=drivesdk
995.mp3,https://drive.google.com/file/d/1wRWLLxonvQiUfO7zWyLAXRJzZrGpelql/view?usp=drivesdk
996.mp3,https://drive.google.com/file/d/1AY5ISR2i7xcevUwMkK89DGNsPpnXjl83/view?usp=drivesdk
997.mp3,https://drive.google.com/file/d/127ZY6uaczcDF89vUvKKnJjCBE3t-fgtX/view?usp=drivesdk
998.mp3,https://drive.google.com/file/d/1CfDchZjQjfgc-31LcaQjpsbDZSXpOG3k/view?usp=drivesdk
999.mp3,https://drive.google.com/file/d/1n1ylSsmAaB6HfNKZcpudRE4LOlapnyxU/view?usp=drivesdk
1000.mp3,https://drive.google.com/file/d/1SQ9HiLbsawKp8Xq0l6AiW63K24XnV4BU/view?usp=drivesdk
1001.mp3,https://drive.google.com/file/d/1k2290U5QZ9VcDuxUUgFmwnMaNiWMG6SL/view?usp=drivesdk
1002.mp3,https://drive.google.com/file/d/1XRpOd_TEzb0g908u5KlBGkqTiQDpnRJ8/view?usp=drivesdk
1003.mp3,https://drive.google.com/file/d/1eea9J3kxvqWFoY1u3o7YLc9Jka8_ot-O/view?usp=drivesdk
1004.mp3,https://drive.google.com/file/d/1C-S2mnG1wpjQx7_ZzIXfUCX-6xh6ZogU/view?usp=drivesdk
1005.mp3,https://drive.google.com/file/d/1TaB12sgN748nu8fb-DZVtmgeMIEDGmdI/view?usp=drivesdk
1006.mp3,https://drive.google.com/file/d/1HXQqGZ7o-KMo4-__NMSZ-BRobR73W9F1/view?usp=drivesdk
1007.mp3,https://drive.google.com/file/d/1jEIEUK23VTz1T3OYpmVDYvynrKFb-_xE/view?usp=drivesdk
1008.mp3,https://drive.google.com/file/d/1f9TSuZO2Fas1YML_XiN_iEDYVFYh9K61/view?usp=drivesdk
1009.mp3,https://drive.google.com/file/d/1NRHB4bd0Y9Wv3jqBZUJ5G9Kka9IJa8cc/view?usp=drivesdk
1010.mp3,https://drive.google.com/file/d/1ntw9ISAW1rhKVcx9eo2n3_-mijtCAnYk/view?usp=drivesdk
1011.mp3,https://drive.google.com/file/d/1vBIu-cjRxNhwCKEZKaiRfYp6el-lRA0b/view?usp=drivesdk
1012.mp3,https://drive.google.com/file/d/1KDplnKlj5szJH2mEWa6m5FZB3KZYNN4V/view?usp=drivesdk
1013.mp3,https://drive.google.com/file/d/1US8U1quLxm849XwSvDzaN7STHOVjzRR-/view?usp=drivesdk
1014.mp3,https://drive.google.com/file/d/1ETbzaGSJMgdzhWgilqNsTTHmm_dqTgNT/view?usp=drivesdk
1015.mp3,https://drive.google.com/file/d/12ii0_KI94DuB5bD-h0LLzj8cGNIa8cgy/view?usp=drivesdk
1016.mp3,https://drive.google.com/file/d/1ZHgVhgwWLuO_V--SA7bBzEnRyssRlSdF/view?usp=drivesdk
1017.mp3,https://drive.google.com/file/d/1sO_JjeYxrFbc0cXdv6IbYWFeO35oHtJK/view?usp=drivesdk
1018.mp3,https://drive.google.com/file/d/1CmVJkZkrONJnFbW1zj5Je3m5r0rp0FQm/view?usp=drivesdk
1019.mp3,https://drive.google.com/file/d/1P4NpZ6Hd2WOAqvjs15t--zSbPQMqHY-l/view?usp=drivesdk
1020.mp3,https://drive.google.com/file/d/1ejttjdat5BHdkzIjIbYgy3aGpmwPvMGl/view?usp=drivesdk
1021.mp3,https://drive.google.com/file/d/1OMsR3UiHNqXAhTosAdnsQSN0m8kVYgmT/view?usp=drivesdk
1022.mp3,https://drive.google.com/file/d/1kRLtVvDxfuCDnAg-nC_gGjsp5mUZSV7E/view?usp=drivesdk
1023.mp3,https://drive.google.com/file/d/11PDGrMq2s6cjjFHmiQWxtp0WeXaTbwtT/view?usp=drivesdk
1024.mp3,https://drive.google.com/file/d/1U0wYhqW5eATiFkVg6OxZP3Burxqgo3Rc/view?usp=drivesdk
1025.mp3,https://drive.google.com/file/d/1G3aJKgq6aTD3Bu6yZvxXK-gIdT6CZA9A/view?usp=drivesdk
1026.mp3,https://drive.google.com/file/d/1bpiXnCHJcKuTmQ3sqnpZOoc2D6Op4SlA/view?usp=drivesdk
1027.mp3,https://drive.google.com/file/d/1wws2_ALFvGI3Clo-BDrdGCNIMbZ68111/view?usp=drivesdk
1028.mp3,https://drive.google.com/file/d/1KetPrNAxQGecYMLy6CiUqZUdUCHr8FRP/view?usp=drivesdk
1029.mp3,https://drive.google.com/file/d/1FKbkdhzwolKra9b2zsHGQkai5n6zUs1X/view?usp=drivesdk
1030.mp3,https://drive.google.com/file/d/1cvzlGHCzU65aDQjePyGiTs0BXWlJogt8/view?usp=drivesdk
1031.mp3,https://drive.google.com/file/d/1zBQ2ln2UbQC7zl536lslNDHhdsonxTWb/view?usp=drivesdk
1032.mp3,https://drive.google.com/file/d/1kaMrLdQ80xUoA6uGcaPVd3UM-zU_0mLs/view?usp=drivesdk
1033.mp3,https://drive.google.com/file/d/1BuALq4PNSqnCAwA82LB5PQ3SgrDMOivd/view?usp=drivesdk
1034.mp3,https://drive.google.com/file/d/1w-lH6uxtV0nOwlCsmHCNqVBjgZ3SqBHZ/view?usp=drivesdk
1035.mp3,https://drive.google.com/file/d/1QwN3HPOQ-1kVlzpIkm7A1hfmizuCXpac/view?usp=drivesdk
1036.mp3,https://drive.google.com/file/d/1O6iXmpxJNCO2G7TWyQZ0p3Jm9CQ9gMaE/view?usp=drivesdk
1037.mp3,https://drive.google.com/file/d/1HfmwUmFeOkaUGdZ8dQOrmDBg1voSLnCb/view?usp=drivesdk
1038.mp3,https://drive.google.com/file/d/1VxfT_ANZaXzqIb72MyscXENX1Gv6H2jy/view?usp=drivesdk
1039.mp3,https://drive.google.com/file/d/1CDGYbLd-LVBPNdDFjY8CnPa5VfundVAT/view?usp=drivesdk
1040.mp3,https://drive.google.com/file/d/1AxxDCgiSMxS4UpZescAbfeL2jeNfRfNZ/view?usp=drivesdk
1041.mp3,https://drive.google.com/file/d/1Lkx5ZKZ6s0Ca8ekQSVjcuZaJ_xHpvVIN/view?usp=drivesdk
1042.mp3,https://drive.google.com/file/d/1lPgUeOBQlykKdjk4yDSj__Z8iavtZ_iX/view?usp=drivesdk
1043.mp3,https://drive.google.com/file/d/1VWec3j-QBJgW4EL_Bjq0BhI6ztwurS-i/view?usp=drivesdk
1044.mp3,https://drive.google.com/file/d/1rBuSQ25P5xxd2ZjaI_mjEIKbJ7FYsDO8/view?usp=drivesdk
1045.mp3,https://drive.google.com/file/d/1Na8FJ7Dqpys04pfWLX9lh3TC6TGQspLi/view?usp=drivesdk
1046.mp3,https://drive.google.com/file/d/1E88bsZm7CdIv_l6jTwgWAut2atdXbMOe/view?usp=drivesdk
1047.mp3,https://drive.google.com/file/d/1e2SEKquElKoiAPGGFLSovMtawrGn5Jxb/view?usp=drivesdk
1048.mp3,https://drive.google.com/file/d/1H1sVkKddCKywlK7Coe8pC_eDqUlxsQMd/view?usp=drivesdk
1049.mp3,https://drive.google.com/file/d/13-DAoppR2K4NBu4ERHGcPbUJcJQw7QH0/view?usp=drivesdk
1050.mp3,https://drive.google.com/file/d/1d41J3sCTOHnScjoavWczMaEhzkZHGP9m/view?usp=drivesdk
1051.mp3,https://drive.google.com/file/d/1YhA_Ytz0Is1kpsL4ZPU_XddK-gpYF831/view?usp=drivesdk
1052.mp3,https://drive.google.com/file/d/11nWOdP1Tae8ln5fIhEuevFbA1v481rmH/view?usp=drivesdk
1053.mp3,https://drive.google.com/file/d/1W9cM9skmnKM43Z80kN8-eStoq1QCdMR5/view?usp=drivesdk